,hosp,hosp,hosp,rea,rea,rea,rad,rad,rad,dc,dc,dc
sexe,0,1,2,0,1,2,0,1,2,0,1,2
jour,,,,,,,,,,,,
2020-03-18,2972,1685,1248,771,525,239,816,432,379,218,121,96
2020-03-19,4073,2256,1632,1002,689,284,1180,580,562,327,179,136
2020-03-20,5226,2912,2134,1297,905,362,1587,777,764,450,250,190
2020-03-21,5900,3298,2401,1453,1018,401,1811,881,888,525,297,219
2020-03-22,6954,3906,2815,1674,1176,461,2117,1031,1040,632,356,263
2020-03-23,8673,4882,3532,2080,1465,569,2567,1270,1247,860,497,350
2020-03-24,10163,5843,4149,2503,1773,694,3281,1609,1624,1100,661,425
2020-03-25,12072,7064,4856,2935,2127,785,4085,2000,2028,1388,818,557
2020-03-26,13879,8152,5570,3351,2437,888,4947,2424,2456,1696,1002,681
2020-03-27,15701,9288,6248,3758,2735,991,5698,2820,2806,1995,1175,809
2020-03-28,17580,10400,6995,4236,3105,1097,6624,3289,3251,2314,1374,927
2020-03-29,19311,11470,7643,4592,3397,1162,7131,3528,3516,2606,1561,1032
2020-03-30,20946,12457,8279,5056,3756,1268,7923,3940,3885,3024,1818,1191
2020-03-31,22672,13459,8984,5496,4069,1391,9443,4734,4599,3523,2143,1361
2020-04-01,24543,14568,9738,5940,4395,1506,10934,5539,5268,4032,2472,1537
2020-04-02,26131,15477,10391,6305,4646,1610,12427,6327,5961,4503,2767,1710
2020-04-03,27302,16104,10922,6556,4849,1651,14007,7177,6681,5091,3105,1954
2020-04-04,28003,16360,11353,6723,4952,1711,15437,8020,7257,5532,3370,2125
2020-04-05,28747,16715,11713,6859,5038,1757,16182,8425,7597,5889,3594,2256
2020-04-06,29569,17109,12135,6948,5108,1776,17249,9022,8064,6494,3949,2496
2020-04-07,29871,17189,12370,7004,5142,1797,19336,10157,8992,7091,4302,2734
2020-04-08,30217,17247,12657,7019,5139,1815,21253,11212,9841,7632,4624,2947
2020-04-09,30608,17301,12988,6937,5080,1794,23205,12276,10716,8044,4882,3099
2020-04-10,31108,17374,13429,6875,5014,1796,24931,13277,11428,8598,5208,3319
2020-04-11,31159,17263,13587,6752,4927,1758,26390,14111,12038,8943,5402,3469
2020-04-12,31665,17406,13938,6714,4902,1744,27185,14556,12376,9253,5588,3592
2020-04-13,31952,17487,14133,6690,4877,1747,27717,14885,12575,9588,5786,3725
2020-04-14,32131,17460,14351,6599,4791,1744,28804,15490,13046,10129,6092,3953
2020-04-15,31623,17079,14244,6331,4584,1682,30952,16639,14028,10643,6364,4194
2020-04-16,31172,16775,14098,6139,4452,1622,32806,17649,14868,11053,6585,4377
2020-04-17,31061,16603,14162,5922,4302,1557,34414,18514,15591,11470,6827,4546
2020-04-18,30515,16210,14016,5733,4174,1498,35977,19347,16305,11834,7028,4711
2020-04-19,30486,16160,14040,5644,4115,1470,36572,19656,16582,12061,7153,4811
2020-04-20,30462,16068,14095,5584,4060,1463,37403,20070,16992,12505,7407,4998
2020-04-21,29984,15647,14042,5334,3890,1388,39175,20992,17832,12892,7636,5154
2020-04-22,29627,15406,13930,5127,3739,1333,40651,21741,18546,13225,7825,5296
2020-04-23,29113,15043,13797,4967,3639,1282,42082,22475,19226,13536,8003,5423
2020-04-24,28554,14731,13559,4785,3504,1236,43486,23175,19917,13841,8179,5553
2020-04-25,28119,14430,13427,4641,3398,1199,44587,23767,20419,14039,8294,5637
2020-04-26,28114,14405,13443,4598,3369,1187,44896,23924,20566,14191,8386,5697
2020-04-27,27954,14315,13371,4526,3304,1182,45506,24248,20846,14486,8559,5819
2020-04-28,27607,14105,13239,4392,3208,1148,46322,24650,21256,14676,8677,5890
2020-04-29,26736,13691,12965,4128,3043,1072,48221,25717,22283,15041,8933,6062
2020-04-30,26192,13358,12761,3947,2909,1027,49469,26356,22885,15231,9034,6149
2020-05-01,25809,13111,12613,3819,2813,995,50204,26763,23212,15350,9105,6196
2020-05-02,25751,13063,12605,3770,2767,993,50554,26942,23380,15468,9177,6242
2020-05-03,25739,13056,12600,3762,2769,983,50776,27041,23500,15564,9232,6285
2020-05-04,25472,12924,12463,3639,2688,940,51363,27328,23798,15807,9358,6401
2020-05-05,24701,12566,12050,3375,2523,843,52728,27953,24535,16041,9471,6522
2020-05-06,23912,12163,11662,3095,2335,753,53963,28545,25169,16218,9582,6587
2020-05-07,23139,11716,11329,2911,2178,728,55018,29099,25667,16367,9671,6645
2020-05-08,22657,11464,11099,2820,2119,694,55773,29452,26063,16478,9755,6671
2020-05-09,22547,11382,11072,2764,2071,686,56029,29587,26183,16554,9807,6695
2020-05-10,22502,11333,11071,2728,2043,679,56208,29688,26290,16623,9844,6725
2020-05-11,22219,11205,10919,2666,1999,662,56715,29926,26551,16801,9937,6810
2020-05-12,21530,10860,10581,2496,1847,645,57776,30442,27090,16984,10041,6886
2020-05-13,21009,10640,10285,2385,1773,607,58664,30858,27556,17082,10093,6932
2020-05-14,20401,10325,9997,2256,1689,563,59596,31324,28014,17205,10160,6988
2020-05-15,19801,10033,9688,2162,1612,547,60439,31726,28454,17323,10221,7046
2020-05-16,19372,9811,9483,2091,1557,531,61057,32026,28769,17393,10263,7074
2020-05-17,19302,9778,9447,2047,1521,523,61204,32102,28840,17447,10295,7096
2020-05-18,18956,9581,9296,1958,1454,501,61719,32368,29087,17570,10370,7143
2020-05-19,18409,9308,9023,1854,1383,469,62554,32756,29532,17695,10439,7198
2020-05-20,17882,9051,8760,1754,1312,439,63345,33138,29938,17793,10485,7247
2020-05-21,17527,8882,8576,1708,1284,421,63849,33372,30205,17851,10516,7273
2020-05-22,17327,8760,8499,1664,1246,415,64200,33561,30365,17925,10565,7299
2020-05-23,17122,8653,8400,1628,1217,408,64538,33737,30526,17968,10590,7316
2020-05-24,17129,8647,8414,1618,1207,408,64608,33779,30554,18003,10613,7327
2020-05-25,16742,8455,8217,1572,1165,403,65190,34041,30870,18093,10676,7354
2020-05-26,16209,8182,7956,1519,1127,387,65870,34364,31223,18175,10720,7392
2020-05-27,15627,7898,7661,1467,1092,370,66575,34695,31596,18240,10753,7423
2020-05-28,15155,7668,7422,1395,1041,349,67182,34970,31923,18306,10795,7446
2020-05-29,14643,7418,7162,1328,989,335,67794,35258,32243,18367,10829,7472
2020-05-30,14329,7256,7009,1293,955,333,68259,35489,32475,18424,10861,7497
2020-05-31,14271,7220,6986,1287,955,327,68346,35542,32509,18455,10880,7509
2020-06-01,14237,7196,6976,1270,939,326,68431,35593,32543,18486,10897,7523
2020-06-02,13978,7047,6865,1221,902,315,68803,35800,32706,18570,10938,7566
2020-06-03,13465,6825,6571,1179,868,307,69446,36079,33070,18651,10978,7607
2020-06-04,13054,6611,6374,1133,832,298,69967,36350,33315,18695,11001,7628
2020-06-05,12650,6397,6174,1065,781,279,70494,36619,33573,18741,11027,7647
2020-06-06,12433,6287,6068,1030,762,264,70796,36773,33720,18772,11038,7667
2020-06-07,12415,6280,6058,1024,758,262,70832,36787,33742,18785,11046,7672
2020-06-08,12269,6202,5990,995,735,256,71052,36890,33857,18839,11080,7692
2020-06-09,11915,6018,5821,926,683,239,71496,37110,34077,18892,11110,7715
2020-06-10,11632,5889,5667,904,656,244,71822,37258,34252,18915,11120,7728
2020-06-11,11420,5785,5559,875,632,239,72139,37413,34411,18942,11132,7744
2020-06-12,11079,5614,5390,851,611,235,72562,37617,34629,18970,11147,7757
2020-06-13,10864,5506,5283,843,604,234,72798,37733,34748,18994,11161,7767
2020-06-14,10836,5491,5269,841,600,236,72849,37759,34773,19003,11165,7772
2020-06-15,10707,5425,5206,818,584,229,73034,37838,34879,19032,11185,7781
2020-06-16,10490,5318,5095,792,567,221,73325,37972,35036,19070,11209,7794
2020-06-17,10222,5179,4971,744,536,204,73657,38137,35197,19098,11227,7804
2020-06-18,10080,5102,4907,724,521,199,73877,38238,35315,19126,11245,7814
2020-06-19,9925,5037,4821,699,507,188,74107,38339,35440,19140,11251,7820
2020-06-20,9792,4961,4766,687,500,183,74302,38443,35532,19156,11263,7824
2020-06-21,9778,4951,4761,687,500,184,74362,38474,35561,19163,11265,7829
2020-06-22,9648,4896,4684,673,494,176,74602,38589,35686,19186,11277,7840
2020-06-23,9446,4792,4589,654,480,171,74861,38713,35818,19212,11293,7849
2020-06-24,9254,4690,4501,630,460,167,75117,38839,35946,19223,11300,7855
2020-06-25,9096,4621,4411,623,455,165,75341,38949,36057,19244,11310,7866
2020-06-26,8841,4505,4271,606,447,156,75639,39079,36224,19270,11325,7877
2020-06-27,8715,4435,4218,594,438,153,75803,39156,36309,19285,11334,7883
2020-06-28,8727,4441,4224,594,439,152,75833,39172,36323,19287,11335,7884
2020-06-29,8643,4396,4186,591,428,159,75989,39256,36393,19305,11344,7893
2020-06-30,8491,4304,4123,574,415,154,76264,39403,36521,19326,11355,7903
2020-07-01,8291,4191,4038,554,401,149,76539,39558,36639,19344,11363,7913
2020-07-02,8103,4087,3956,545,393,148,76792,39690,36759,19358,11371,7919
2020-07-03,7946,4010,3874,533,385,143,77049,39811,36896,19376,11380,7928
2020-07-04,7863,3970,3833,517,372,140,77160,39861,36955,19388,11387,7933
2020-07-05,7863,3970,3832,521,374,141,77179,39873,36962,19390,11388,7934
2020-07-06,7806,3941,3805,521,370,144,77308,39933,37029,19403,11392,7943
2020-07-07,7550,3804,3688,511,361,142,77644,40108,37187,19437,11406,7963
2020-07-08,7254,3670,3528,503,361,135,77985,40265,37370,19469,11422,7977
2020-07-09,7134,3625,3456,486,354,126,78159,40344,37464,19483,11431,7982
2020-07-10,7020,3565,3402,471,339,126,78377,40454,37571,19508,11443,7995
2020-07-11,6995,3548,3394,470,336,127,78454,40494,37607,19514,11446,7998
2020-07-12,6991,3541,3397,473,335,131,78486,40510,37623,19515,11446,7999
2020-07-13,6941,3521,3368,467,329,131,78586,40556,37676,19533,11458,8005
2020-07-14,6907,3504,3354,465,327,131,78670,40596,37716,19539,11461,8008
2020-07-15,6873,3480,3341,457,324,126,78809,40670,37781,19559,11472,8017
2020-07-16,6754,3421,3283,456,325,124,79025,40766,37897,19577,11481,8025
2020-07-17,6646,3375,3220,452,324,122,79233,40861,38009,19591,11488,8032
2020-07-18,6614,3367,3198,450,325,119,79322,40898,38060,19599,11492,8036
2020-07-19,6583,3345,3190,448,326,116,79384,40933,38086,19600,11493,8036
2020-07-20,6547,3331,3171,442,318,118,79530,41004,38158,19616,11504,8041
2020-07-21,6440,3273,3123,430,310,115,79723,41108,38246,19629,11513,8045
2020-07-22,6324,3198,3083,420,306,110,79946,41236,38340,19636,11515,8050
2020-07-23,5915,3021,2853,411,294,113,80461,41456,38630,19646,11523,8052
2020-07-24,5678,2906,2733,385,277,103,80804,41625,38802,19656,11530,8055
2020-07-25,5634,2871,2724,368,269,94,80915,41689,38849,19664,11536,8057
2020-07-26,5640,2870,2731,367,268,94,80947,41700,38870,19665,11537,8057
2020-07-27,5614,2859,2717,374,277,93,81071,41763,38930,19673,11542,8060
2020-07-28,5510,2813,2661,361,267,90,81300,41869,39051,19688,11552,8065
2020-07-29,5409,2769,2606,356,265,87,81489,41962,39147,19703,11557,8075
2020-07-30,5334,2729,2573,357,265,88,81656,42043,39231,19719,11566,8082
2020-07-31,5257,2693,2530,347,254,89,81870,42138,39350,19730,11573,8086
2020-08-01,5177,2655,2488,344,250,90,82016,42205,39429,19736,11576,8088
2020-08-02,5188,2657,2497,345,251,90,82029,42215,39432,19737,11576,8089
2020-08-03,5157,2645,2474,360,259,97,82155,42277,39496,19759,11591,8097
2020-08-04,5121,2637,2443,364,256,104,82307,42343,39581,19770,11597,8102
2020-08-05,5107,2634,2432,360,254,102,82449,42415,39651,19779,11600,8108
2020-08-06,5019,2583,2400,366,254,107,82659,42529,39744,19786,11603,8112
2020-08-07,4970,2573,2363,359,259,95,82825,42603,39835,19798,11612,8115
2020-08-08,4981,2575,2371,366,262,99,82881,42636,39857,19800,11614,8115
2020-08-09,4992,2579,2377,368,262,101,82886,42640,39858,19800,11614,8115
2020-08-10,5004,2579,2387,372,259,107,83036,42719,39928,19814,11623,8120
2020-08-11,4971,2566,2370,367,255,107,83226,42813,40022,19829,11632,8125
2020-08-12,4850,2533,2282,355,244,106,83461,42918,40152,19846,11639,8135
2020-08-13,4824,2502,2284,351,241,106,83651,43021,40236,19863,11648,8143
2020-08-14,4788,2472,2280,344,236,105,83836,43118,40325,19881,11659,8150
2020-08-15,4817,2494,2287,353,242,107,83880,43132,40355,19884,11660,8152
2020-08-16,4820,2497,2287,353,241,108,83909,43144,40372,19885,11660,8153
2020-08-17,4885,2522,2322,361,247,110,84053,43221,40439,19904,11670,8162
2020-08-18,4783,2477,2264,357,247,104,84297,43338,40565,19920,11679,8168
2020-08-19,4781,2456,2285,362,248,108,84440,43423,40620,19937,11688,8175
2020-08-20,4723,2455,2228,368,256,106,84615,43498,40718,19949,11692,8183
2020-08-21,4720,2463,2216,367,251,110,84802,43583,40818,19972,11706,8192
2020-08-22,4685,2448,2192,368,249,113,84923,43639,40884,19980,11710,8196
2020-08-23,4683,2453,2185,371,251,114,84946,43646,40900,19981,11711,8196
2020-08-24,4664,2460,2162,387,266,117,85172,43753,41019,19996,11721,8201
2020-08-25,4578,2423,2113,401,272,124,85494,43923,41167,20016,11734,8208
2020-08-26,4535,2394,2097,373,259,112,85731,44046,41278,20034,11747,8212
2020-08-27,4517,2388,2089,375,258,115,85954,44153,41390,20046,11758,8213
2020-08-28,4517,2378,2097,381,260,119,86147,44264,41473,20065,11768,8222
2020-08-29,4512,2388,2084,394,265,127,86268,44318,41539,20071,11772,8224
2020-08-30,4517,2385,2092,396,265,129,86280,44330,41539,20075,11775,8225
2020-08-31,4564,2401,2124,403,269,131,86439,44415,41611,20104,11795,8233
2020-09-01,4586,2413,2134,418,277,138,86682,44546,41719,20123,11809,8238
2020-09-02,4614,2439,2133,440,298,138,86933,44670,41843,20148,11819,8253
2020-09-03,4625,2446,2142,458,316,140,87176,44803,41952,20168,11831,8261
2020-09-04,4653,2446,2173,467,321,143,87417,44933,42060,20186,11843,8266
2020-09-05,4667,2452,2179,476,326,147,87549,44998,42126,20198,11850,8271
2020-09-06,4697,2471,2188,480,329,148,87578,45014,42138,20201,11852,8272
2020-09-07,4889,2571,2279,531,363,165,87806,45142,42235,20226,11866,8283
2020-09-08,4942,2609,2287,568,390,175,88196,45345,42420,20265,11887,8300
2020-09-09,4985,2635,2306,593,409,180,88494,45508,42554,20295,11901,8316
2020-09-10,5077,2680,2350,608,420,183,88712,45629,42651,20314,11912,8324
2020-09-11,5136,2737,2350,628,435,188,89029,45779,42816,20354,11933,8343
2020-09-12,5176,2748,2376,655,448,201,89201,45876,42891,20371,11943,8349
2020-09-13,5228,2778,2396,662,457,199,89240,45900,42906,20377,11946,8352
2020-09-14,5479,2926,2503,705,481,218,89477,46026,43011,20411,11962,8369
2020-09-15,5660,3015,2590,752,504,242,89861,46220,43201,20447,11984,8382
2020-09-16,5800,3096,2650,796,542,248,90305,46456,43406,20493,12013,8399
2020-09-17,5825,3116,2655,793,555,232,90810,46722,43642,20543,12049,8413
2020-09-18,5800,3127,2622,820,581,235,91544,47048,44039,20665,12098,8486
2020-09-19,5493,2999,2444,827,588,235,92289,47392,44436,20690,12111,8498
2020-09-20,5356,2936,2360,834,595,234,92552,47514,44576,20701,12118,8502
2020-09-21,5597,3079,2462,912,645,261,92978,47734,44776,20754,12148,8525
2020-09-22,5777,3194,2521,944,654,283,93508,48011,45023,20821,12186,8553
2020-09-23,5913,3289,2561,995,681,306,93952,48246,45225,20864,12214,8568
2020-09-24,6012,3329,2622,1041,714,318,94383,48481,45420,20916,12242,8591
2020-09-25,6110,3351,2695,1092,747,335,94860,48771,45601,20971,12276,8612
2020-09-26,6154,3398,2694,1105,767,328,95272,48988,45791,21010,12300,8627
2020-09-27,6235,3444,2730,1112,774,327,95395,49057,45843,21037,12317,8637
2020-09-28,6397,3512,2816,1158,801,344,95743,49241,46007,21118,12366,8669
2020-09-29,6482,3576,2832,1198,835,349,96296,49539,46259,21177,12400,8692
2020-09-30,6572,3586,2904,1232,863,356,96766,49824,46441,21240,12434,8721
2020-10-01,6634,3639,2909,1259,877,369,97240,50065,46671,21303,12471,8748
2020-10-02,6740,3694,2959,1270,896,362,97747,50339,46904,21350,12496,8768
2020-10-03,6740,3690,2952,1289,907,368,98199,50559,47128,21393,12522,8786
2020-10-04,6964,3817,3048,1335,936,385,98343,50638,47193,21425,12536,8803
2020-10-05,7276,3975,3195,1409,991,401,98649,50812,47320,21494,12578,8829
2020-10-06,7377,4055,3229,1417,1001,400,99264,51124,47614,21556,12612,8856
2020-10-07,7514,4148,3274,1406,1004,388,99762,51398,47835,21636,12662,8886
2020-10-08,7603,4195,3321,1418,1012,391,100275,51647,48093,21712,12708,8916
2020-10-09,7843,4287,3473,1439,1030,393,100797,51927,48326,21774,12749,8937
2020-10-10,7976,4361,3527,1456,1041,398,101280,52166,48566,21828,12785,8955
2020-10-11,8231,4488,3640,1483,1057,409,101460,52261,48651,21874,12812,8974
2020-10-12,8671,4698,3864,1539,1097,427,101868,52470,48849,21969,12866,9015
2020-10-13,8928,4866,3952,1633,1165,452,102649,52871,49222,22053,12920,9045
2020-10-14,9173,4961,4094,1664,1195,452,103382,53267,49553,22157,12991,9077
2020-10-15,9584,5167,4303,1741,1257,470,104051,53614,49868,22245,13045,9109
2020-10-16,10021,5402,4509,1791,1286,493,104665,53916,50173,22367,13116,9159
2020-10-17,10399,5591,4696,1868,1341,513,105163,54187,50396,22456,13165,9198
2020-10-18,10897,5886,4892,1939,1386,535,105400,54300,50518,22541,13216,9232
2020-10-19,11640,6252,5274,2090,1489,585,105904,54580,50733,22687,13306,9288
2020-10-20,12435,6655,5657,2168,1535,615,106808,55056,51154,22849,13406,9348
2020-10-21,13162,7039,5986,2239,1585,635,107621,55492,51527,23012,13502,9414
2020-10-22,14009,7438,6420,2310,1638,652,108568,56005,51955,23174,13597,9478
2020-10-23,14985,7923,6903,2432,1724,691,109455,56478,52361,23358,13699,9559
2020-10-24,15637,8207,7264,2491,1765,711,110291,56927,52739,23495,13780,9614
2020-10-25,16454,8644,7626,2575,1831,726,110629,57121,52883,23611,13853,9657
2020-10-26,17761,9353,8213,2761,1957,785,111316,57463,53223,23868,14004,9760
2020-10-27,18955,10010,8728,2909,2056,829,112685,58168,53872,24156,14167,9884
2020-10-28,20184,10684,9282,3036,2167,842,113946,58826,54464,24400,14293,9998
2020-10-29,21160,11190,9745,3147,2253,866,115256,59506,55082,24635,14441,10082
2020-10-30,22153,11684,10231,3368,2412,922,116502,60138,55683,24890,14579,10196
2020-10-31,23013,12143,10622,3443,2479,928,117563,60704,56170,25113,14721,10276
2020-11-01,24008,12677,11038,3569,2560,969,118196,61050,56453,25344,14863,10365
2020-11-02,25120,13271,11544,3721,2656,1027,119073,61535,56839,25760,15105,10536
2020-11-03,26242,13872,12074,3869,2781,1050,120683,62362,57612,26186,15365,10696
2020-11-04,27511,14512,12703,4080,2941,1100,122631,63396,58507,26571,15583,10857
2020-11-05,28403,15004,13099,4221,3061,1120,124247,64217,59290,26934,15797,11005
2020-11-06,28955,15282,13380,4321,3140,1137,126298,65258,60291,27332,16036,11160
2020-11-07,29396,15482,13608,4410,3195,1172,127907,66087,61057,27636,16217,11279
2020-11-08,30217,15926,13967,4527,3266,1217,128583,66441,61372,27906,16384,11381
2020-11-09,31098,16443,14328,4677,3399,1236,129704,67030,61893,28454,16693,11612
2020-11-10,31477,16651,14496,4736,3449,1250,131889,68118,62966,28920,16964,11803
2020-11-11,31918,16843,14741,4789,3472,1279,133665,69081,63763,29248,17160,11934
2020-11-12,32654,17221,15112,4884,3547,1301,134923,69882,64484,29673,17411,12143
2020-11-13,32676,17209,15152,4887,3539,1316,137124,71022,65522,30129,17674,12334
2020-11-14,32468,16941,15209,4855,3495,1325,139110,72084,66431,30483,17897,12460
2020-11-15,33050,17184,15525,4880,3520,1324,139779,72449,66731,30785,18091,12568
2020-11-16,33466,17350,15789,4903,3543,1324,140849,73004,67234,31291,18374,12790
2020-11-17,33139,17035,15790,4838,3482,1319,143121,74251,68233,31719,18626,12965
2020-11-18,32811,16798,15676,4759,3411,1307,145360,75419,69291,32144,18863,13151
2020-11-19,32314,16513,15460,4637,3314,1287,147538,76547,70326,32573,19092,13350
2020-11-20,31875,16275,15266,4566,3271,1258,149490,77492,71311,32954,19328,13492
2020-11-21,31365,15948,15083,4493,3230,1229,151146,78382,72070,33207,19475,13598
2020-11-22,31522,15973,15209,4491,3217,1240,151650,78641,72311,33421,19614,13673
2020-11-23,31449,15897,15213,4438,3184,1224,152561,79072,72780,33921,19907,13875
2020-11-24,30594,15473,14804,4277,3086,1163,154648,80131,73783,34374,20175,14056
2020-11-25,29944,15137,14495,4136,2991,1121,156521,81018,74742,34755,20393,14216
2020-11-26,29282,14798,14171,4006,2910,1070,158205,81831,75599,35094,20575,14370
2020-11-27,28620,14398,13924,3871,2813,1034,159884,82651,76432,35487,20809,14527
2020-11-28,28139,14089,13755,3765,2735,1007,161106,83260,77035,35700,20938,14610
2020-11-29,28284,14119,13873,3744,2725,998,161396,83431,77150,35898,21057,14686
2020-11-30,28229,14049,13885,3739,2733,985,162250,83859,77563,36304,21290,14855
2020-12-01,27611,13709,13602,3594,2633,940,163998,84692,78461,36667,21512,14997
2020-12-02,26986,13376,13311,3478,2535,922,165532,85410,79265,36976,21706,15109
2020-12-03,26675,13178,13196,3415,2481,914,166909,86064,79979,37300,21884,15252
2020-12-04,26283,12965,13007,3283,2387,872,168321,86724,80722,37582,22048,15367
2020-12-05,26040,12832,12900,3220,2345,850,169327,87187,81255,37796,22174,15453
2020-12-06,26262,12911,13033,3210,2338,849,169555,87314,81356,37970,22280,15519
2020-12-07,26333,12891,13121,3188,2310,854,170254,87657,81707,38336,22493,15670
2020-12-08,25882,12641,12936,3078,2235,816,171837,88393,82528,38713,22697,15838
2020-12-09,25526,12517,12726,3031,2200,805,173216,88996,83287,39009,22854,15973
2020-12-10,25199,12339,12585,2949,2121,803,174627,89618,84062,39301,23028,16089
2020-12-11,24943,12205,12453,2874,2064,784,175860,90185,84717,39605,23208,16211
2020-12-12,24948,12157,12512,2851,2048,778,176712,90609,85133,39799,23322,16290
2020-12-13,25207,12268,12647,2861,2035,799,176964,90723,85269,39949,23408,16353
2020-12-14,25449,12364,12798,2896,2059,811,177616,91060,85579,40320,23603,16523
2020-12-15,25207,12263,12651,2871,2041,803,179056,91728,86338,40627,23768,16663
2020-12-16,25282,12298,12697,2840,2015,797,180280,92282,86992,40916,23929,16787
2020-12-17,25149,12207,12658,2798,2001,772,181475,92846,87608,41174,24071,16901
2020-12-18,24945,12055,12614,2764,1964,777,182634,93434,88168,41429,24220,17006
2020-12-19,24819,12007,12528,2718,1927,767,183540,93848,88652,41618,24327,17086
2020-12-20,24961,12108,12573,2745,1946,775,183775,93958,88773,41749,24404,17135
2020-12-21,25201,12211,12714,2737,1932,783,184433,94255,89129,42100,24600,17285
2020-12-22,24932,12060,12597,2719,1912,783,186027,94989,89972,42481,24816,17447
2020-12-23,24852,11967,12615,2701,1897,780,187241,95564,90597,42757,24955,17583
2020-12-24,24607,11807,12525,2643,1856,764,188608,96184,91330,43047,25117,17710
2020-12-25,24359,11671,12403,2616,1834,748,189414,96578,91730,43206,25208,17776
2020-12-26,24444,11733,12426,2640,1853,752,189687,96722,91857,43352,25277,17852
2020-12-27,24620,11821,12514,2650,1870,744,189910,96842,91958,43525,25381,17916
2020-12-28,24645,11812,12550,2694,1898,760,190691,97207,92364,43888,25584,18075
2020-12-29,24743,11865,12600,2666,1882,749,191775,97702,92936,44272,25803,18237
2020-12-30,24560,11815,12467,2652,1856,762,193014,98241,93630,44575,25973,18368
2020-12-31,24407,11703,12432,2625,1843,752,194190,98802,94228,44826,26118,18469
2021-01-01,24263,11641,12348,2609,1830,749,194870,99094,94578,44959,26188,18530
2021-01-02,24458,11738,12445,2632,1846,754,195143,99227,94714,45115,26282,18590
2021-01-03,24780,11882,12623,2665,1864,768,195355,99328,94824,45231,26353,18634
2021-01-04,24962,11973,12722,2657,1850,776,196006,99626,95166,45609,26560,18800
2021-01-05,24871,11925,12680,2616,1813,772,197472,100339,95906,45954,26755,18948
2021-01-06,24708,11812,12618,2607,1790,785,198725,100939,96552,46237,26914,19073
2021-01-07,24488,11767,12452,2573,1773,768,200048,101506,97289,46513,27069,19191
2021-01-08,24377,11717,12398,2606,1797,778,201255,102061,97926,46789,27219,19313
2021-01-09,24240,11644,12330,2600,1787,779,202134,102489,98369,46957,27301,19399
2021-01-10,24526,11784,12474,2620,1804,781,202398,102632,98489,47108,27392,19458
2021-01-11,24812,11933,12616,2666,1830,803,203041,102934,98818,47418,27563,19597
2021-01-12,24703,11902,12517,2678,1833,808,204359,103519,99540,47773,27766,19745
2021-01-13,24735,11956,12504,2701,1836,832,205641,104099,100226,48002,27903,19835
2021-01-14,24983,12127,12581,2716,1845,842,206771,104599,100841,48284,28056,19963
2021-01-15,25009,12194,12540,2730,1866,835,208040,105192,101502,48564,28200,20096
2021-01-16,24985,12204,12507,2731,1864,838,209025,105640,102033,48757,28307,20182
2021-01-17,25235,12339,12617,2766,1883,854,209312,105773,102181,48898,28400,20230
2021-01-18,25584,12526,12783,2803,1905,868,210169,106199,102607,49301,28625,20403
2021-01-19,25532,12510,12744,2829,1953,845,211785,106982,103423,49670,28815,20578
2021-01-20,25650,12530,12845,2842,1949,861,213211,107698,104118,49980,28989,20713
2021-01-21,25699,12554,12859,2866,1972,859,214507,108313,104789,50326,29179,20866
2021-01-22,25872,12628,12964,2902,2003,867,215791,108939,105437,50645,29357,21001
2021-01-23,25864,12637,12948,2886,2007,848,216694,109398,105874,50875,29479,21107
2021-01-24,26357,12856,13214,2955,2041,882,216934,109525,105984,51047,29582,21175
2021-01-25,26888,13117,13476,3031,2104,896,217677,109871,106371,51492,29825,21373
2021-01-26,27005,13229,13479,3071,2139,899,219121,110564,107104,51842,30010,21534
2021-01-27,27131,13359,13470,3097,2161,906,220539,111222,107854,52192,30213,21679
2021-01-28,27128,13330,13491,3101,2166,904,221872,111887,108507,52536,30415,21820
2021-01-29,27270,13444,13513,3120,2176,913,223143,112493,109159,52891,30608,21976
2021-01-30,27242,13426,13499,3103,2169,901,224089,112970,109617,53133,30742,22083
2021-01-31,27573,13608,13645,3148,2207,911,224375,113114,109756,53328,30845,22174
2021-02-01,27874,13719,13836,3218,2247,943,225288,113568,110208,53783,31101,22365
2021-02-02,28029,13834,13900,3270,2276,972,226865,114338,110996,54187,31327,22539
2021-02-03,27953,13855,13810,3267,2287,956,228441,115106,111789,54544,31508,22713
2021-02-04,27766,13718,13750,3240,2262,953,229944,115849,112543,54901,31704,22872
2021-02-05,27572,13562,13705,3235,2253,959,231518,116637,113312,55194,31870,22993
2021-02-06,27327,13443,13591,3215,2239,954,232662,117198,113881,55385,31974,23077
2021-02-07,27652,13579,13774,3262,2266,973,232946,117368,113992,55556,32073,23149
2021-02-08,27995,13752,13948,3353,2317,1013,233962,117858,114511,56014,32342,23336
2021-02-09,27634,13587,13761,3332,2304,1005,235686,118677,115397,56450,32577,23535
2021-02-10,27417,13541,13595,3309,2275,1010,237082,119348,116112,56746,32738,23668
2021-02-11,26963,13337,13344,3327,2291,1010,238722,120107,116978,57106,32941,23821
2021-02-12,26424,13111,13050,3298,2278,997,240259,120847,117759,57423,33125,23952
2021-02-13,26196,13004,12920,3294,2281,988,241323,121341,118325,57622,33240,24035
2021-02-14,26401,13114,13012,3299,2282,991,241597,121468,118470,57789,33326,24112
2021-02-15,26478,13154,13053,3371,2327,1016,242497,121895,118933,58201,33565,24278
2021-02-16,26195,12982,12928,3338,2296,1016,244207,122742,119782,58552,33769,24423
2021-02-17,25929,12862,12781,3340,2289,1027,245706,123454,120549,58862,33939,24560
2021-02-18,25717,12811,12630,3384,2332,1032,247096,124100,121276,59133,34075,24692
2021-02-19,25506,12667,12555,3380,2334,1026,248457,124796,121933,59458,34268,24822
2021-02-20,25269,12535,12438,3369,2332,1016,249520,125327,122455,59641,34366,24906
2021-02-21,25464,12619,12535,3392,2340,1030,249727,125430,122559,59800,34463,24968
2021-02-22,25831,12810,12713,3407,2344,1042,250532,125829,122957,60133,34654,25107
2021-02-23,25660,12736,12628,3435,2340,1075,252083,126601,123722,60443,34826,25240
2021-02-24,25614,12809,12509,3436,2342,1074,253450,127218,124463,60720,34982,25359
2021-02-25,25317,12667,12355,3430,2326,1081,254868,127913,125171,60981,35138,25461
2021-02-26,25130,12566,12263,3445,2324,1097,256326,128635,125895,61265,35289,25592
2021-02-27,24989,12462,12226,3453,2319,1112,257258,129119,126335,61450,35393,25673
2021-02-28,25280,12580,12395,3492,2325,1146,257555,129282,126466,61572,35475,25713
2021-03-01,25430,12691,12435,3544,2371,1152,258384,129668,126889,61947,35682,25875
2021-03-02,25263,12628,12328,3586,2383,1179,259893,130410,127644,62247,35865,25989
2021-03-03,25111,12558,12243,3637,2415,1194,261289,131098,128335,62569,36058,26112
2021-03-04,24891,12494,12100,3633,2413,1193,262690,131767,129049,62862,36230,26229
2021-03-05,24765,12444,12018,3680,2446,1199,263919,132385,129648,63100,36351,26345
2021-03-06,24625,12399,11918,3689,2442,1208,264909,132881,130133,63270,36447,26419
2021-03-07,24818,12521,11976,3743,2468,1228,265295,133079,130314,63400,36519,26477
2021-03-08,25195,12666,12216,3849,2538,1264,266096,133495,130678,63759,36716,26635
2021-03-09,25201,12726,12174,3918,2599,1274,267539,134202,131391,64057,36877,26771
2021-03-10,24969,12582,12092,3918,2589,1287,269019,134963,132092,64321,37037,26873
2021-03-11,24858,12584,11972,3992,2644,1302,270433,135643,132816,64586,37177,26995
2021-03-12,24749,12532,11935,4033,2668,1320,271678,136259,133420,64809,37302,27090
2021-03-13,24671,12474,11904,4070,2693,1328,272615,136740,133870,64978,37401,27160
2021-03-14,24989,12659,12042,4127,2733,1346,272960,136918,134032,65118,37481,27217
2021-03-15,25469,12915,12265,4219,2802,1373,273771,137343,134410,65451,37672,27353
2021-03-16,25492,13008,12213,4239,2821,1373,275360,138105,135214,65765,37831,27505
2021-03-17,25314,12936,12115,4219,2810,1362,276993,138926,136000,66006,37971,27606
2021-03-18,25389,12966,12151,4246,2836,1364,278263,139598,136588,66274,38127,27718
2021-03-19,25339,12944,12133,4287,2840,1402,279646,140288,137261,66559,38287,27837
2021-03-20,25537,13014,12245,4353,2862,1447,280571,140754,137711,66735,38391,27908
2021-03-21,25926,13218,12430,4406,2890,1470,280955,140954,137891,66873,38471,27964
2021-03-22,26488,13493,12717,4548,2962,1539,281885,141438,138329,67216,38674,28100
2021-03-23,26756,13651,12829,4634,3043,1540,283507,142239,139132,67503,38835,28225
2021-03-24,26876,13769,12834,4651,3070,1524,285199,143093,139947,67748,38962,28342
2021-03-25,27036,13822,12939,4709,3106,1546,286607,143795,140643,67973,39102,28426
2021-03-26,27242,13972,12998,4766,3157,1556,288062,144508,141367,68276,39273,28555
2021-03-27,27259,13988,12994,4791,3173,1571,289350,145166,141991,68466,39372,28645
2021-03-28,27712,14230,13203,4872,3231,1592,289752,145377,142177,68597,39446,28701
2021-03-29,28322,14518,13529,4974,3294,1631,290810,145933,142670,68957,39659,28843
2021-03-30,28510,14633,13586,5072,3363,1664,292796,146913,143652,69293,39845,28990
2021-03-31,28463,14606,13566,5053,3368,1644,294638,147857,144534,69596,40011,29123
2021-04-01,28581,14674,13603,5109,3399,1664,296166,148610,145299,69904,40176,29263
2021-04-02,28729,14814,13622,5254,3486,1724,297734,149379,146074,70204,40348,29387
2021-04-03,28886,14872,13705,5273,3490,1732,299075,150094,146687,70389,40462,29458
2021-04-04,29356,15102,13936,5341,3530,1759,299624,150395,146934,70574,40572,29532
2021-04-05,29907,15376,14202,5433,3589,1789,300064,150637,147128,70771,40688,29613
2021-04-06,30639,15746,14561,5626,3704,1866,301299,151253,147733,71180,40924,29781
2021-04-07,30904,15907,14668,5729,3766,1907,303639,152456,148848,71601,41153,29972
2021-04-08,30555,15734,14501,5705,3754,1894,305711,153538,149817,71944,41338,30126
2021-04-09,30326,15661,14344,5757,3799,1904,307674,154514,150790,72243,41511,30252
2021-04-10,30238,15633,14275,5769,3826,1890,309136,155248,151506,72450,41631,30337
2021-04-11,30671,15853,14493,5838,3874,1915,309787,155589,151810,72626,41732,30408
2021-04-12,31262,16214,14723,5916,3924,1943,310934,156161,152369,73011,41939,30584
2021-04-13,31226,16141,14767,5952,3941,1961,313051,157275,153353,73335,42111,30732
2021-04-14,30868,15949,14607,5902,3896,1956,315152,158363,154347,73632,42274,30861
2021-04-15,30668,15842,14536,5924,3888,1987,317036,159332,155249,73928,42443,30985
2021-04-16,30472,15693,14495,5914,3883,1988,318923,160320,156131,74234,42626,31104
2021-04-17,30329,15608,14428,5877,3876,1959,320275,161027,156760,74423,42732,31184
2021-04-18,30789,15839,14641,5893,3868,1981,320757,161279,156986,74563,42809,31247
2021-04-19,31214,16044,14860,5970,3902,2027,321889,161870,157516,75010,43068,31432
2021-04-20,31086,16007,14773,5984,3909,2033,323961,162964,158526,75384,43297,31582
2021-04-21,30954,15939,14704,5959,3894,2022,325811,163917,159411,75697,43471,31717
2021-04-22,30634,15749,14575,5981,3904,2036,327668,164874,160292,75980,43643,31825
2021-04-23,30438,15683,14453,5962,3901,2020,329405,165722,161162,76285,43826,31941
2021-04-24,30100,15497,14293,5958,3893,2022,330838,166473,161832,76502,43952,32030
2021-04-25,30287,15606,14364,5978,3895,2037,331362,166749,162075,76647,44026,32100
2021-04-26,30596,15788,14496,6001,3929,2027,332563,167362,162652,77045,44243,32278
2021-04-27,30281,15625,14346,5943,3872,2021,334577,168375,163635,77370,44439,32404
2021-04-28,29911,15427,14180,5879,3849,1986,336281,169236,164466,77685,44611,32543
2021-04-29,29487,15195,14000,5804,3806,1951,338000,170099,165300,77991,44787,32668
2021-04-30,28930,14895,13741,5675,3743,1885,339650,170956,166081,78261,44933,32791
2021-05-01,28603,14737,13575,5581,3677,1859,340997,171630,166735,78453,45053,32862
2021-05-02,28818,14817,13706,5585,3674,1868,341458,171902,166922,78566,45119,32908
2021-05-03,28950,14883,13771,5630,3717,1870,342451,172428,167379,78877,45292,33041
2021-05-04,28427,14574,13574,5504,3649,1817,344265,173417,168187,79120,45431,33141
2021-05-05,27686,14211,13202,5402,3566,1800,346184,174376,169128,79364,45569,33243
2021-05-06,26985,13849,12862,5231,3475,1718,347768,175186,169889,79583,45707,33325
2021-05-07,26331,13526,12551,5106,3425,1646,349293,175947,170628,79809,45827,33431
2021-05-08,25800,13199,12349,5005,3349,1623,350471,176561,171176,79985,45940,33493
2021-05-09,25797,13179,12367,4971,3317,1620,350873,176779,171356,80100,45999,33549
2021-05-10,25666,13107,12315,4870,3237,1602,351795,177233,171812,80392,46167,33670
2021-05-11,25028,12795,11995,4743,3157,1553,353370,178014,172595,80628,46301,33770
2021-05-12,24254,12371,11643,4583,3044,1510,354860,178783,173309,80812,46406,33849
2021-05-13,23656,12061,11358,4442,2952,1462,355927,179319,173832,80943,46481,33904
2021-05-14,23406,11898,11275,4352,2900,1425,356700,179735,174181,81116,46583,33973
2021-05-15,22950,11653,11066,4271,2853,1391,357613,180220,174601,81228,46646,34021
2021-05-16,22963,11632,11096,4255,2844,1384,357928,180394,174739,81309,46695,34053
2021-05-17,22749,11527,10986,4186,2784,1374,358776,180801,175169,81505,46815,34127
2021-05-18,22058,11179,10646,4015,2661,1325,360213,181549,175851,81692,46908,34220
2021-05-19,21347,10824,10298,3862,2552,1279,361460,182177,176457,81833,46982,34287
2021-05-20,20750,10505,10021,3769,2503,1235,362593,182746,177011,81966,47063,34338
2021-05-21,20209,10262,9730,3631,2430,1175,363600,183241,177512,82075,47119,34391
2021-05-22,19765,10024,9527,3544,2371,1147,364391,183654,177884,82164,47168,34431
2021-05-23,19720,9996,9508,3515,2349,1140,364695,183805,178034,82234,47210,34459
2021-05-24,19701,9969,9513,3496,2335,1135,364902,183914,178132,82296,47248,34482
2021-05-25,19430,9836,9379,3447,2294,1127,365739,184318,178556,82494,47348,34580
2021-05-26,18593,9454,8941,3330,2214,1091,367046,184951,179211,82638,47434,34635
2021-05-27,17941,9161,8589,3206,2138,1046,368023,185426,179710,82780,47517,34693
2021-05-28,17272,8812,8279,3104,2059,1026,369109,185982,180231,82878,47575,34733
2021-05-29,16847,8606,8065,3028,2020,990,369789,186318,180568,82946,47611,34765
2021-05-30,16775,8550,8048,2993,1995,981,370014,186439,180670,82990,47641,34779
2021-05-31,16596,8463,7962,2945,1968,961,370577,186700,180965,83116,47713,34832
2021-06-01,16088,8204,7728,2825,1884,928,371500,187170,181405,83243,47782,34889
2021-06-02,15638,7983,7506,2754,1821,918,372310,187573,181807,83339,47842,34924
2021-06-03,15283,7816,7321,2677,1786,876,373033,187929,182168,83409,47884,34952
2021-06-04,14801,7581,7080,2571,1729,826,373818,188316,182560,83490,47935,34982
2021-06-05,14532,7435,6959,2525,1692,817,374281,188558,182777,83547,47966,35007
2021-06-06,14525,7418,6969,2527,1695,816,374416,188635,182834,83572,47981,35017
2021-06-07,14323,7297,6890,2472,1657,799,374909,188897,183060,83636,48023,35038
2021-06-08,13984,7079,6772,2394,1607,773,375569,189249,183364,83708,48077,35055
2021-06-09,13526,6880,6509,2326,1565,749,376342,189605,183780,83773,48113,35083
2021-06-10,13090,6633,6324,2245,1501,732,376974,189931,184078,83841,48154,35109
2021-06-11,12712,6443,6143,2163,1437,715,377596,190227,184397,83910,48198,35134
2021-06-12,12496,6316,6056,2110,1394,705,377961,190426,184563,83944,48221,35145
2021-06-13,12480,6313,6043,2106,1395,700,378063,190469,184621,83957,48228,35151
2021-06-14,12374,6247,6006,2068,1358,698,378429,190652,184801,84020,48260,35181
2021-06-15,11895,6004,5775,1952,1271,671,379108,190989,185136,84096,48310,35207
2021-06-16,11519,5841,5569,1873,1215,649,379635,191224,185419,84140,48332,35229
2021-06-17,11114,5621,5389,1799,1167,623,380195,191528,185670,84196,48364,35252
2021-06-18,10738,5465,5172,1740,1136,595,380667,191743,185923,84246,48384,35282
2021-06-19,10531,5340,5091,1703,1114,580,380930,191887,186041,84268,48396,35292
2021-06-20,10518,5322,5096,1703,1116,578,380979,191920,186057,84282,48399,35303
2021-06-21,10386,5249,5042,1655,1082,564,381278,192070,186202,84322,48421,35321
2021-06-22,10046,5088,4868,1560,1022,529,381726,192281,186435,84373,48451,35342
2021-06-23,9771,4930,4754,1509,982,518,382124,192488,186622,84406,48469,35357
2021-06-24,9392,4743,4564,1439,938,492,382593,192716,186861,84450,48495,35375
2021-06-25,9190,4641,4464,1389,907,473,382897,192885,186996,84483,48513,35390
2021-06-26,9024,4559,4380,1349,889,451,383122,193005,187101,84495,48516,35399
2021-06-27,8986,4542,4360,1345,886,450,383185,193034,187134,84512,48526,35406
2021-06-28,8846,4472,4290,1304,862,433,383447,193160,187268,84556,48552,35424
2021-06-29,8627,4350,4196,1250,826,413,383768,193328,187416,84584,48569,35434
2021-06-30,8451,4266,4105,1204,795,400,384051,193458,187569,84609,48580,35447
2021-07-01,8232,4137,4018,1162,769,384,384338,193619,187691,84638,48595,35461
2021-07-02,8044,4017,3952,1123,743,371,384616,193777,187809,84662,48609,35471
2021-07-03,7912,3946,3892,1102,723,371,384781,193855,187894,84679,48618,35479
2021-07-04,7913,3954,3885,1104,728,368,384812,193866,187914,84688,48622,35484
2021-07-05,7806,3914,3819,1077,718,349,385013,193968,188010,84724,48638,35504
2021-07-06,7637,3839,3727,1032,690,332,385289,194103,188149,84758,48651,35525
2021-07-07,7539,3772,3695,997,666,321,385490,194209,188243,84786,48671,35533
2021-07-08,7384,3713,3604,971,646,315,385720,194307,188371,84811,48687,35542
2021-07-09,7275,3657,3552,953,641,302,385950,194431,188476,84829,48700,35547
2021-07-10,7183,3621,3497,947,635,302,386122,194506,188571,84848,48709,35557
2021-07-11,7183,3624,3494,947,636,301,386141,194512,188584,84852,48710,35560
2021-07-12,7137,3606,3466,957,643,304,386424,194644,188735,84880,48724,35574
2021-07-13,7076,3573,3438,933,628,296,386704,194783,188876,84902,48733,35586
2021-07-14,7047,3549,3434,931,624,298,386839,194854,188939,84908,48737,35587
2021-07-15,7054,3554,3435,914,618,288,387017,194949,189022,84924,48740,35600
2021-07-16,6971,3508,3399,899,603,289,387297,195071,189180,84946,48751,35610
2021-07-17,6922,3500,3358,890,607,276,387439,195133,189258,84962,48757,35620
2021-07-18,6936,3518,3354,891,611,273,387469,195144,189277,84967,48760,35622
2021-07-19,7041,3571,3405,902,616,278,387703,195257,189397,84987,48779,35623
2021-07-20,6912,3504,3350,876,591,280,388118,195446,189618,85020,48799,35636
2021-07-21,6869,3483,3328,859,581,273,388402,195592,189755,85042,48811,35646
2021-07-22,6832,3460,3313,868,588,276,388707,195759,189891,85053,48818,35650
2021-07-23,6802,3449,3296,872,588,280,389021,195911,190050,85082,48832,35665
2021-07-24,6787,3456,3272,878,585,289,389197,195985,190152,85104,48844,35675
2021-07-25,6843,3478,3306,886,589,292,389226,195998,190167,85110,48847,35678
2021-07-26,7079,3584,3428,952,626,321,389531,196149,190320,85154,48868,35700
2021-07-27,7137,3623,3448,978,645,328,389996,196381,190552,85182,48883,35713
2021-07-28,7208,3658,3484,992,656,331,390367,196572,190728,85225,48904,35735
2021-07-29,7236,3665,3499,1015,663,348,390784,196780,190932,85252,48918,35748
2021-07-30,7363,3721,3566,1072,699,369,391216,196997,191141,85312,48953,35772
2021-07-31,7409,3743,3590,1099,706,388,391581,197186,191315,85355,48980,35788
2021-08-01,7581,3839,3663,1137,720,412,391689,197241,191365,85373,48993,35793
2021-08-02,7840,4003,3764,1232,779,448,392055,197409,191561,85424,49024,35812
2021-08-03,7974,4077,3824,1331,840,484,392634,197686,191856,85480,49063,35829
2021-08-04,8134,4178,3885,1371,858,509,393129,197935,192098,85528,49091,35848
2021-08-05,8210,4232,3904,1420,877,538,393723,198232,192394,85577,49118,35870
2021-08-06,8368,4290,3997,1458,895,555,394324,198561,192662,85637,49148,35900
2021-08-07,8425,4334,4008,1510,930,570,394709,198749,192857,85669,49169,35911
2021-08-08,8685,4460,4135,1556,943,602,394910,198852,192953,85697,49185,35922
2021-08-09,9022,4642,4291,1667,998,657,395310,199040,193160,85765,49223,35952
2021-08-10,9153,4693,4370,1712,1024,676,396002,199400,193488,85833,49262,35981
2021-08-11,9233,4702,4443,1745,1044,689,396616,199707,193788,85886,49293,36003
2021-08-12,9465,4826,4544,1807,1084,713,397162,199988,194052,85963,49330,36041
2021-08-13,9546,4883,4568,1831,1104,718,397828,200324,194374,86037,49369,36077
2021-08-14,9648,4957,4595,1837,1116,713,398257,200541,194580,86088,49388,36109
2021-08-15,9798,5026,4673,1852,1128,716,398445,200646,194662,86132,49410,36131
2021-08-16,10151,5209,4840,1908,1165,731,398924,200886,194897,86228,49456,36181
2021-08-17,10219,5277,4843,1953,1208,731,399763,201306,195306,86339,49516,36229
2021-08-18,10336,5315,4917,2054,1250,790,400539,201699,195681,86451,49580,36277
2021-08-19,10392,5320,4970,2049,1261,778,401284,202092,196030,86578,49652,36331
2021-08-20,10515,5380,5041,2091,1268,812,401946,202415,196363,86660,49702,36362
2021-08-21,10463,5364,5005,2106,1282,813,402615,202751,196690,86789,49773,36419
2021-08-22,10651,5469,5082,2128,1293,822,402848,202878,196795,86883,49819,36467
2021-08-23,11007,5655,5250,2215,1347,854,403285,203093,197015,86991,49876,36519
2021-08-24,11066,5703,5263,2221,1354,857,404141,203533,197422,87143,49972,36573
2021-08-25,11171,5746,5324,2239,1379,848,404823,203893,197738,87236,50019,36618
2021-08-26,11104,5699,5310,2261,1374,875,405490,204230,198063,87343,50081,36663
2021-08-27,11162,5715,5354,2270,1377,882,406229,204623,198404,87438,50130,36709
2021-08-28,11052,5644,5308,2259,1374,873,406709,204866,198637,87512,50176,36737
2021-08-29,11092,5662,5328,2276,1386,879,406911,204975,198728,87565,50207,36759
2021-08-30,11245,5750,5390,2290,1390,886,407355,205178,198965,87663,50264,36800
2021-08-31,11120,5707,5316,2292,1396,881,408275,205603,199451,87797,50331,36866
2021-09-01,11119,5714,5301,2294,1397,881,408908,205910,199771,87880,50381,36899
2021-09-02,10934,5615,5215,2275,1383,874,409615,206281,200104,87983,50443,36938
2021-09-03,10816,5559,5157,2259,1374,867,410229,206596,200400,88076,50490,36982
2021-09-04,10654,5479,5078,2223,1345,861,410710,206839,200633,88159,50529,37025
2021-09-05,10644,5469,5078,2217,1332,867,410888,206938,200711,88208,50557,37046
2021-09-06,10757,5533,5125,2249,1347,884,411314,207137,200934,88310,50610,37095
2021-09-07,10646,5452,5096,2259,1348,893,412039,207515,201273,88418,50673,37140
2021-09-08,10438,5342,5005,2224,1326,881,412721,207860,201598,88518,50725,37188
2021-09-09,10323,5287,4945,2195,1326,852,413273,208129,201880,88621,50777,37239
2021-09-10,10115,5163,4860,2151,1299,835,413880,208436,202176,88701,50817,37278
2021-09-11,10018,5106,4821,2131,1288,827,414243,208621,202348,88747,50843,37297
2021-09-12,10012,5098,4822,2129,1288,825,414405,208701,202429,88776,50859,37310
2021-09-13,9986,5108,4787,2103,1287,800,414778,208876,202626,88862,50913,37341
2021-09-14,9739,4962,4685,2000,1226,759,415490,209227,202983,88956,50974,37373
2021-09-15,9555,4842,4618,1959,1195,749,416030,209515,203233,89033,51018,37406
2021-09-16,9297,4730,4478,1952,1194,743,416554,209762,203503,89098,51054,37435
2021-09-17,9070,4613,4369,1891,1152,724,417059,210012,203753,89164,51093,37462
2021-09-18,8912,4532,4294,1837,1118,703,417399,210178,203924,89206,51113,37484
2021-09-19,8887,4517,4281,1832,1115,701,417505,210230,203977,89234,51129,37496
2021-09-20,8845,4497,4260,1805,1108,680,417826,210388,204134,89255,51135,37511
2021-09-21,8594,4368,4145,1744,1084,643,418397,210665,204418,89407,51227,37571
2021-09-22,8414,4277,4053,1656,1032,607,418859,210904,204639,89465,51253,37603
2021-09-23,8237,4189,3963,1609,1008,587,419256,211090,204848,89527,51290,37627
2021-09-24,8107,4109,3914,1586,995,579,419628,211284,205026,89576,51317,37649
2021-09-25,7980,4045,3852,1571,989,570,419912,211414,205178,89605,51330,37665
2021-09-26,7994,4058,3853,1577,989,576,419971,211444,205207,89619,51336,37673
2021-09-27,7980,4062,3836,1571,981,579,420247,211576,205347,89693,51377,37706
2021-09-28,7801,3972,3746,1524,958,556,420645,211771,205548,89751,51411,37728
2021-09-29,7726,3943,3702,1466,925,531,420934,211909,205696,89793,51436,37744
2021-09-30,7565,3859,3627,1414,881,522,421264,212074,205858,89849,51468,37768
2021-10-01,7410,3781,3553,1355,849,494,421579,212224,206018,89895,51499,37783
2021-10-02,7294,3725,3494,1325,838,476,421787,212335,206114,89925,51512,37800
2021-10-03,7308,3736,3497,1326,835,480,421839,212356,206145,89934,51518,37803
2021-10-04,7299,3730,3493,1328,837,479,422072,212475,206257,89984,51546,37825
2021-10-05,7096,3618,3401,1279,815,451,422510,212693,206474,90045,51578,37853
2021-10-06,7038,3585,3378,1242,794,435,422728,212794,206588,90079,51599,37865
2021-10-07,6903,3515,3313,1200,780,406,423001,212932,206721,90113,51619,37879
2021-10-08,6805,3470,3260,1164,749,401,423274,213068,206855,90151,51642,37894
2021-10-09,6706,3418,3216,1127,723,391,423485,213167,206964,90166,51650,37901
2021-10-10,6737,3434,3231,1132,725,394,423537,213193,206988,90174,51655,37904
2021-10-11,6729,3437,3222,1145,724,408,423734,213292,207085,90204,51675,37914
2021-10-12,6629,3367,3189,1111,698,396,424018,213435,207222,90257,51712,37929
2021-10-13,6601,3377,3152,1091,692,384,424238,213534,207339,90280,51726,37938
2021-10-14,6523,3331,3118,1075,688,371,424464,213641,207458,90318,51752,37950
2021-10-15,6470,3313,3082,1051,678,358,424693,213745,207581,90352,51771,37964
2021-10-16,6437,3295,3070,1049,680,356,424817,213810,207638,90367,51780,37968
2021-10-17,6448,3302,3080,1052,682,358,424868,213836,207662,90372,51782,37971
2021-10-18,6468,3315,3085,1049,682,352,425074,213944,207760,90413,51805,37988
2021-10-19,6483,3327,3088,1046,672,361,425292,214052,207868,90452,51824,38008
2021-10-20,6465,3309,3089,1026,662,352,425537,214175,207986,90473,51840,38013
2021-10-21,6453,3293,3091,1009,652,346,425777,214300,208100,90508,51857,38031
2021-10-22,6400,3268,3067,1010,651,350,426012,214422,208209,90537,51869,38048
2021-10-23,6348,3241,3042,1007,650,348,426213,214527,208303,90560,51881,38059
2021-10-24,6377,3254,3057,1018,659,350,426243,214545,208314,90564,51884,38060
2021-10-25,6405,3255,3082,1023,658,355,426431,214647,208398,90605,51910,38075
2021-10-26,6445,3298,3075,1049,672,365,426654,214756,208512,90643,51937,38086
2021-10-27,6489,3316,3101,1038,663,364,426836,214860,208590,90677,51956,38100
2021-10-28,6541,3312,3153,1037,663,363,427031,214972,208672,90710,51980,38109
2021-10-29,6534,3323,3136,1034,666,359,427286,215086,208810,90737,51992,38124
2021-10-30,6524,3316,3134,1039,668,362,427445,215174,208880,90759,52002,38136
2021-10-31,6572,3342,3157,1046,676,360,427489,215201,208895,90771,52009,38141
2021-11-01,6639,3378,3185,1069,690,369,427519,215215,208911,90777,52010,38146
2021-11-02,6680,3421,3186,1091,706,376,427801,215340,209063,90851,52053,38177
2021-11-03,6764,3461,3231,1096,720,367,428108,215507,209199,90890,52077,38192
2021-11-04,6718,3440,3206,1099,723,367,428434,215667,209362,90937,52110,38206
2021-11-05,6735,3454,3207,1089,713,366,428716,215813,209498,90963,52122,38220
2021-11-06,6667,3394,3194,1099,711,377,428950,215943,209595,90988,52139,38228
2021-11-07,6709,3407,3218,1101,710,380,428990,215958,209620,90998,52147,38230
2021-11-08,6865,3486,3297,1141,743,387,429250,216087,209747,91053,52184,38248
2021-11-09,6851,3475,3291,1140,741,386,429618,216270,209931,91097,52219,38257
2021-11-10,6906,3502,3321,1154,746,395,429919,216424,210073,91130,52241,38268
2021-11-11,6952,3518,3350,1145,735,398,430063,216503,210135,91147,52248,38278
2021-11-12,7046,3589,3375,1182,763,407,430277,216607,210242,91195,52274,38300
2021-11-13,7050,3592,3376,1202,775,415,430476,216714,210331,91211,52286,38304
2021-11-14,7111,3631,3395,1210,783,415,430524,216743,210350,91228,52295,38312
2021-11-15,7361,3765,3509,1257,817,427,430811,216878,210499,91298,52337,38339
2021-11-16,7535,3840,3607,1277,828,436,431216,217077,210698,91345,52367,38354
2021-11-17,7663,3918,3652,1300,834,453,431559,217248,210868,91395,52398,38373
2021-11-18,7787,3996,3696,1333,868,451,431887,217409,211030,91447,52427,38396
2021-11-19,7940,4073,3772,1353,889,449,432215,217575,211190,91497,52457,38416
2021-11-20,7974,4088,3795,1333,873,445,432421,217689,211275,91520,52472,38424
2021-11-21,8038,4108,3838,1339,884,440,432497,217734,211306,91535,52479,38432
2021-11-22,8338,4255,3990,1406,924,468,432957,217970,211525,91629,52530,38473
2021-11-23,8525,4359,4074,1455,955,486,433411,218207,211737,91713,52576,38507
2021-11-24,8765,4513,4156,1483,980,487,433833,218408,211954,91793,52611,38552
2021-11-25,8981,4631,4254,1499,997,487,434310,218625,212205,91865,52653,38581
2021-11-26,9181,4721,4364,1563,1035,515,434775,218875,212416,91925,52683,38610
2021-11-27,9271,4773,4405,1617,1069,535,435027,219005,212532,91959,52700,38627
2021-11-28,9381,4831,4453,1632,1080,539,435119,219056,212573,91982,52712,38637
2021-11-29,9860,5051,4709,1749,1157,580,435531,219264,212770,92085,52779,38673
2021-11-30,10249,5283,4867,1824,1222,588,436187,219596,213085,92199,52839,38727
2021-12-01,10558,5427,5022,1886,1268,604,436766,219908,213352,92292,52885,38773
2021-12-02,10790,5558,5126,1934,1297,624,437363,220208,213641,92395,52945,38814
2021-12-03,11103,5739,5256,2058,1380,667,438044,220559,213963,92508,53000,38871
2021-12-04,11340,5833,5387,2037,1370,654,438440,220762,214153,92557,53029,38891
2021-12-05,11526,5936,5463,2066,1384,667,438589,220838,214224,92586,53047,38901
2021-12-06,12096,6239,5730,2191,1467,708,439237,221152,214549,92778,53157,38980
2021-12-07,12714,6566,6015,2351,1561,769,440066,221558,214965,92942,53248,39052
2021-12-08,13044,6732,6184,2426,1612,794,440865,221965,215348,93071,53326,39102
2021-12-09,13363,6918,6318,2461,1641,803,441638,222327,215752,93198,53399,39154
2021-12-10,13629,7030,6480,2498,1658,823,442473,222760,216138,93339,53478,39213
2021-12-11,13855,7127,6612,2539,1683,839,442940,222999,216363,93404,53514,39241
2021-12-12,14050,7246,6684,2602,1727,857,443159,223112,216468,93452,53537,39266
2021-12-13,14527,7534,6867,2752,1827,909,443933,223481,216867,93683,53676,39356
2021-12-14,14819,7686,7017,2792,1868,911,445100,224077,217427,93841,53768,39420
2021-12-15,15062,7755,7183,2843,1885,940,446101,224604,217893,93992,53857,39483
2021-12-16,15142,7791,7223,2832,1871,941,447156,225136,218409,94157,53952,39553
2021-12-17,15410,7901,7382,2901,1917,961,448151,225643,218889,94319,54044,39619
2021-12-18,15370,7887,7356,2933,1930,980,448891,225992,219272,94404,54086,39662
2021-12-19,15528,7953,7448,2936,1948,968,449128,226118,219381,94479,54124,39699
2021-12-20,15918,8149,7646,3025,1980,1028,449970,226525,219810,94703,54249,39794
2021-12-21,16076,8237,7711,3096,2007,1068,451213,227141,220432,94913,54362,39890
2021-12-22,16118,8238,7744,3147,2045,1078,452365,227723,220991,95083,54448,39972
2021-12-23,16060,8198,7727,3208,2074,1110,453573,228317,221594,95262,54554,40045
2021-12-24,16173,8200,7837,3254,2091,1142,454659,228873,222117,95429,54646,40120
2021-12-25,16162,8196,7832,3282,2097,1161,455323,229206,222439,95513,54689,40161
2021-12-26,16365,8294,7932,3299,2110,1166,455508,229304,222524,95609,54749,40196
2021-12-27,16921,8549,8221,3333,2126,1184,456295,229672,222935,95865,54894,40306
2021-12-28,17405,8771,8474,3416,2186,1205,457594,230289,223602,96107,55026,40413
2021-12-29,17856,8971,8716,3469,2202,1241,458891,230906,224266,96291,55136,40487
2021-12-30,18321,9190,8969,3506,2229,1250,460123,231481,224911,96471,55240,40562
2021-12-31,18715,9341,9209,3543,2265,1252,461407,232115,225550,96660,55341,40649
2022-01-01,18811,9392,9243,3560,2291,1242,462266,232540,225981,96770,55400,40700
2022-01-02,19043,9512,9353,3572,2290,1255,462576,232677,226152,96861,55452,40738
2022-01-03,19606,9759,9671,3654,2320,1306,463863,233257,226845,97131,55589,40869
2022-01-04,20186,10075,9928,3665,2348,1293,465820,234164,227880,97424,55753,40995
2022-01-05,20688,10295,10192,3695,2366,1304,467508,234976,228759,97670,55883,41109
2022-01-06,21169,10520,10431,3759,2418,1312,469181,235774,229628,97874,55986,41210
2022-01-07,21605,10770,10612,3815,2457,1333,470797,236478,230530,98067,56101,41287
2022-01-08,21721,10807,10677,3821,2453,1339,472027,237068,231165,98209,56187,41343
2022-01-09,21982,10946,10791,3847,2454,1362,472488,237266,231426,98299,56241,41379
2022-01-10,22749,11351,11145,3904,2481,1385,473916,237879,232219,98579,56399,41496
2022-01-11,23371,11622,11486,3969,2514,1422,476124,238904,233382,98847,56562,41601
2022-01-12,23889,11877,11739,3985,2522,1429,478097,239768,234472,99093,56695,41714
2022-01-13,24154,11958,11907,3939,2487,1419,480068,240662,235538,99318,56828,41802
2022-01-14,24511,12128,12079,3895,2470,1389,481964,241539,236538,99509,56945,41875
2022-01-15,24544,12114,12112,3852,2448,1368,483438,242236,237305,99657,57031,41936
2022-01-16,24887,12291,12270,3852,2444,1370,484007,242471,237633,99755,57084,41980
2022-01-17,25776,12800,12642,3913,2511,1359,485556,243129,238514,100051,57256,42102
2022-01-18,26526,13076,13097,3881,2514,1326,487977,244263,239774,100339,57425,42217
2022-01-19,27230,13387,13479,3852,2499,1314,490192,245310,240921,100570,57552,42318
2022-01-20,27931,13707,13859,3842,2496,1311,492256,246242,242034,100815,57689,42425
2022-01-21,28457,13920,14153,3792,2471,1283,494500,247314,243188,101048,57822,42524
2022-01-22,28515,13967,14117,3746,2452,1259,496206,248101,244096,101215,57902,42610
2022-01-23,28838,14137,14261,3760,2458,1268,496840,248385,244441,101330,57966,42661
2022-01-24,29748,14607,14690,3776,2469,1274,498806,249177,245592,101723,58179,42837
2022-01-25,30189,14803,14928,3741,2445,1260,501762,250456,247231,102086,58391,42983
2022-01-26,30624,14990,15155,3712,2431,1241,504330,251631,248594,102344,58534,43092
2022-01-27,30982,15101,15397,3694,2416,1242,506728,252704,249884,102612,58696,43197
2022-01-28,31271,15163,15604,3656,2368,1252,509211,253847,251205,102875,58853,43302
2022-01-29,31282,15144,15626,3634,2365,1232,510921,254644,252107,103053,58966,43366
2022-01-30,31536,15255,15776,3641,2359,1245,511612,254948,252491,103180,59041,43418
2022-01-31,32374,15749,16129,3700,2418,1249,513540,255772,253561,103528,59249,43551
2022-02-01,32894,15977,16416,3751,2428,1292,516458,257094,255128,103909,59473,43703
2022-02-02,32720,15938,16266,3700,2408,1261,519409,258430,256711,104185,59635,43815
2022-02-03,32852,15968,16365,3643,2386,1224,521380,259357,257722,104449,59781,43929
2022-02-04,32988,16045,16459,3618,2364,1219,524878,260974,259561,104804,59969,44093
2022-02-05,32867,15982,16395,3606,2350,1219,526609,261785,260467,104974,60065,44165
2022-02-06,33027,16102,16433,3577,2331,1210,527202,262042,260802,105103,60135,44221
2022-02-07,33447,16407,16563,3622,2367,1216,529180,262901,261881,105520,60366,44403
2022-02-08,33352,16412,16469,3555,2345,1173,531940,264135,263377,105882,60553,44574
2022-02-09,32878,16151,16268,3503,2315,1151,534705,265480,264761,106137,60697,44679
2022-02-10,32415,15869,16107,3416,2263,1114,537208,266714,265999,106447,60876,44806
2022-02-11,31939,15646,15825,3371,2240,1090,539749,267882,267352,106716,61033,44915
2022-02-12,31522,15407,15638,3324,2212,1068,541311,268631,268155,106877,61125,44982
2022-02-13,31621,15483,15659,3305,2203,1059,541777,268832,268418,106984,61183,45029
2022-02-14,31532,15483,15587,3296,2199,1053,543647,269674,269408,107369,61409,45179
2022-02-15,31091,15259,15360,3235,2157,1035,546183,270849,270745,107670,61574,45312
2022-02-16,30578,15032,15073,3126,2092,992,548385,271901,271882,107913,61708,45416
2022-02-17,29843,14689,14700,3055,2055,958,550715,272967,273115,108171,61852,45527
2022-02-18,29194,14334,14428,2970,2000,933,552837,273960,274212,108444,62012,45637
2022-02-19,28632,14045,14144,2918,1970,907,554200,274599,274927,108592,62098,45696
2022-02-20,28643,14019,14181,2923,1975,906,554598,274808,275115,108671,62139,45734
2022-02-21,28383,13917,14051,2905,1951,912,556126,275486,275923,108954,62301,45851
2022-02-22,27566,13567,13609,2842,1911,889,558452,276555,277149,109240,62467,45966
2022-02-23,26881,13228,13269,2753,1862,853,560486,277508,278208,109452,62597,46047
2022-02-24,26118,12820,12921,2656,1798,824,562358,278434,279137,109649,62710,46129
2022-02-25,25484,12493,12631,2546,1735,779,564082,279267,279999,109837,62816,46211
2022-02-26,25264,12361,12543,2484,1693,759,564911,279686,280398,109928,62874,46243
2022-02-27,25277,12382,12530,2491,1702,757,565221,279840,280553,109980,62901,46268
2022-02-28,25079,12234,12500,2456,1665,760,566378,280410,281108,110212,63039,46359
2022-03-01,24437,11939,12162,2408,1621,758,568119,281225,282020,110412,63155,46438
2022-03-02,23840,11665,11852,2329,1579,722,569768,282011,282862,110577,63245,46511
2022-03-03,23175,11348,11520,2231,1510,694,571248,282728,283609,110744,63339,46581
2022-03-04,22643,11043,11301,2153,1444,682,572604,283390,284291,110898,63424,46648
2022-03-05,22196,10810,11088,2075,1397,652,573476,283821,284725,111006,63477,46700
2022-03-06,22253,10847,11108,2079,1404,649,573639,283890,284818,111038,63492,46717
2022-03-07,22208,10857,11063,2089,1416,647,574749,284383,285422,111211,63582,46794
2022-03-08,21899,10686,10934,2036,1376,634,576142,285035,286145,111376,63680,46860
2022-03-09,21509,10460,10778,1962,1327,613,577508,285714,286817,111511,63758,46917
2022-03-10,21287,10377,10638,1928,1296,611,578723,286271,287466,111611,63823,46952
2022-03-11,21024,10251,10498,1875,1268,586,579930,286833,288103,111744,63898,47010
2022-03-12,20860,10201,10381,1857,1261,574,580578,287126,288453,111795,63925,47034
2022-03-13,20917,10223,10413,1855,1261,572,580769,287218,288550,111824,63945,47043
2022-03-14,20925,10201,10437,1826,1233,573,581897,287735,289146,111984,64039,47109
2022-03-15,20919,10200,10432,1783,1210,553,583270,288376,289868,112128,64114,47178
2022-03-16,20757,10080,10381,1728,1167,543,584548,289009,290504,112273,64196,47241
2022-03-17,20609,10011,10308,1695,1139,537,585730,289557,291123,112379,64258,47285
2022-03-18,20519,9977,10248,1674,1121,534,586852,290106,291691,112480,64317,47326
2022-03-19,20440,9935,10206,1644,1102,525,587475,290406,292010,112534,64347,47350
2022-03-20,20566,9995,10273,1642,1100,524,587639,290486,292092,112561,64365,47359
2022-03-21,20706,10054,10355,1632,1097,519,588719,290977,292668,112713,64452,47421
2022-03-22,20742,10008,10434,1604,1066,521,590037,291617,293336,112843,64527,47476
2022-03-23,20653,9947,10408,1564,1033,516,591389,292278,294011,112934,64572,47520
2022-03-24,20654,9952,10391,1523,1026,482,592602,292858,294637,113046,64630,47574
2022-03-25,20616,9957,10346,1489,998,476,593988,293520,295348,113158,64691,47624
2022-03-26,20532,9917,10306,1481,989,476,594630,293812,295689,113217,64728,47646
2022-03-27,20606,9963,10330,1486,996,474,594814,293896,295789,113242,64742,47657
2022-03-28,21073,10184,10575,1533,1021,497,595854,294406,296313,113391,64816,47731
2022-03-29,21300,10338,10650,1538,1039,486,597352,295080,297127,113527,64890,47790
2022-03-30,21688,10560,10819,1546,1053,482,598673,295678,297831,113659,64950,47861
2022-03-31,21922,10637,10979,1551,1042,497,600034,296353,298501,113779,65018,47913
2022-04-01,22066,10669,11085,1537,1018,505,601418,297034,299198,113904,65094,47962
2022-04-02,22113,10624,11170,1523,994,515,602269,297490,299585,113961,65132,47981
2022-04-03,22251,10698,11230,1539,1006,520,602444,297562,299686,113985,65142,47995
2022-04-04,22835,10992,11519,1541,1021,507,603702,298156,300339,114131,65221,48061
2022-04-05,23010,11093,11583,1552,1019,519,605372,298950,301202,114258,65293,48116
2022-04-06,23014,11086,11626,1561,1028,519,607194,299800,302126,114374,65354,48171
2022-04-07,23272,11174,11798,1572,1027,531,608546,300454,302809,114469,65404,48216
2022-04-08,23404,11212,11892,1554,1031,512,610159,301229,303632,114593,65479,48265
2022-04-09,23474,11219,11953,1543,1018,514,611100,301666,304127,114667,65522,48296
2022-04-10,23626,11286,12036,1562,1031,520,611319,301779,304233,114695,65540,48306
2022-04-11,24205,11649,12239,1589,1050,525,612633,302367,304952,114871,65620,48400
2022-04-12,24693,11898,12483,1644,1073,558,614551,303254,305960,115027,65706,48468
2022-04-13,24778,11925,12520,1650,1082,552,616385,304142,306890,115161,65784,48522
2022-04-14,24828,11998,12497,1648,1075,560,618020,304909,307743,115284,65849,48578
2022-04-15,24909,12015,12548,1652,1089,547,619696,305729,308587,115427,65929,48641
2022-04-16,24894,11971,12577,1630,1075,539,620535,306158,308986,115472,65955,48660
2022-04-17,24922,11994,12582,1636,1076,543,620786,306275,309118,115501,65975,48669
2022-04-18,24990,12022,12618,1635,1076,541,621002,306387,309221,115545,65999,48689
2022-04-19,25277,12157,12767,1681,1099,565,622698,307184,310107,115726,66109,48759
2022-04-20,25179,12168,12657,1677,1103,556,625022,308271,311323,115947,66229,48859
2022-04-21,25018,12095,12570,1684,1114,552,626816,309125,312248,116114,66320,48933
2022-04-22,24883,11968,12563,1645,1079,549,628608,310009,313130,116253,66393,48999
2022-04-23,24840,11930,12564,1636,1073,548,629485,310447,313560,116312,66429,49021
2022-04-24,24888,11947,12596,1640,1084,542,629768,310584,313701,116345,66447,49036
2022-04-25,24980,12007,12638,1659,1107,540,631303,311294,314499,116541,66556,49119
2022-04-26,24703,11943,12433,1667,1108,545,633262,312194,315538,116708,66651,49189
2022-04-27,24431,11809,12276,1658,1096,547,634936,312968,316422,116854,66739,49245
2022-04-28,24130,11656,12137,1629,1085,529,636491,313685,317232,116970,66804,49296
2022-04-29,23579,11351,11903,1591,1048,530,638182,314506,318080,117119,66890,49357
2022-04-30,23302,11233,11743,1562,1030,519,638905,314853,318453,117171,66915,49384
2022-05-01,23327,11254,11748,1557,1026,518,639061,314931,318529,117193,66929,49392
2022-05-02,23211,11231,11655,1511,992,508,640425,315539,319263,117371,67033,49464
2022-05-03,22849,11024,11505,1498,976,511,642084,316367,320072,117491,67095,49520
2022-05-04,22319,10792,11219,1465,964,491,643460,317014,320779,117593,67150,49566
2022-05-05,21880,10581,10994,1447,944,494,644866,317686,321499,117708,67220,49610
2022-05-06,21277,10302,10680,1408,927,473,645611,318016,321909,117810,67280,49652
2022-05-07,20963,10144,10529,1397,916,473,647071,318753,322610,117869,67312,49676
2022-05-08,20939,10130,10517,1403,919,476,647235,318831,322696,117912,67341,49690
2022-05-09,20835,10098,10459,1380,900,473,648234,319272,323243,118044,67416,49743
2022-05-10,20499,9952,10276,1364,894,463,649583,319907,323945,118166,67478,49802
2022-05-11,20152,9736,10143,1329,873,449,650824,320517,324560,118253,67533,49834
2022-05-12,19762,9509,9975,1292,854,431,651942,321084,325106,118337,67574,49877
2022-05-13,19272,9264,9728,1233,815,411,653050,321631,325658,118431,67631,49913
2022-05-14,18901,9104,9519,1213,806,400,653734,321944,326022,118494,67670,49937
2022-05-15,18935,9112,9543,1214,805,402,653827,321988,326070,118508,67679,49942
2022-05-16,18742,9057,9412,1199,792,398,654775,322420,326572,118633,67749,49997
2022-05-17,18290,8828,9187,1173,773,391,655984,322998,327194,118723,67798,50038
2022-05-18,17883,8658,8955,1149,762,379,656962,323458,327699,118801,67843,50070
2022-05-19,17531,8488,8781,1115,728,378,657817,323853,328149,118864,67875,50101
2022-05-20,17141,8298,8588,1095,715,373,658712,324269,328617,118926,67909,50128
2022-05-21,16935,8186,8500,1085,708,370,659150,324488,328830,118968,67936,50142
2022-05-22,16941,8192,8500,1081,706,368,659216,324519,328865,118976,67941,50145
2022-05-23,16785,8119,8427,1074,694,372,659896,324853,329206,119058,67995,50172
2022-05-24,16510,7970,8303,1072,689,373,660731,325276,329609,119146,68048,50207
2022-05-25,16133,7789,8106,1043,665,368,661637,325706,330080,119193,68072,50229
2022-05-26,16015,7721,8058,1033,660,365,661995,325895,330246,119220,68087,50240
2022-05-27,15811,7607,7971,1024,649,367,662562,326201,330502,119264,68108,50262
2022-05-28,15652,7520,7898,1022,646,367,662858,326348,330651,119287,68120,50273
2022-05-29,15646,7521,7891,1014,638,367,662919,326374,330686,119300,68127,50279
2022-05-30,15488,7449,7810,992,628,356,663595,326689,331038,119385,68170,50321
2022-05-31,15118,7224,7673,952,602,344,664493,327153,331458,119461,68207,50358
2022-06-01,14850,7081,7550,929,588,334,665161,327483,331789,119517,68240,50378
2022-06-02,14640,6982,7441,926,586,333,665774,327790,332092,119558,68264,50395
2022-06-03,14419,6878,7321,917,586,324,666336,328064,332375,119593,68278,50416
2022-06-04,14274,6820,7238,917,588,322,666645,328198,332545,119624,68289,50435
2022-06-05,14285,6821,7248,914,585,322,666701,328231,332568,119631,68293,50438
2022-06-06,14302,6820,7266,907,582,318,666752,328262,332587,119640,68298,50442
2022-06-07,14275,6803,7258,895,582,306,667403,328578,332914,119714,68334,50477
2022-06-08,14189,6778,7193,895,577,308,668154,328923,333309,119791,68374,50513
2022-06-09,14158,6746,7191,876,558,308,668738,329205,333605,119830,68401,50525
2022-06-10,14028,6669,7142,869,549,310,669322,329494,333892,119868,68418,50546
2022-06-11,14061,6706,7139,875,558,308,669586,329609,334036,119886,68424,50558
2022-06-12,14080,6718,7146,871,556,306,669640,329630,334068,119891,68427,50560
2022-06-13,14125,6753,7157,865,534,323,670179,329885,334347,119958,68465,50589
2022-06-14,14072,6730,7120,854,535,311,670836,330211,334674,120015,68494,50617
2022-06-15,13910,6652,7027,847,533,305,671515,330541,335020,120062,68521,50637
2022-06-16,13914,6630,7049,846,534,302,672039,330797,335284,120110,68546,50660
2022-06-17,13895,6635,7021,845,538,297,672657,331086,335603,120153,68572,50677
2022-06-18,13876,6612,7026,829,533,286,672950,331225,335756,120170,68580,50685
2022-06-19,13932,6655,7036,830,531,289,673006,331245,335792,120172,68582,50685
2022-06-20,14190,6805,7146,849,541,298,673591,331530,336088,120217,68612,50699
2022-06-21,14334,6860,7233,841,534,299,674196,331821,336399,120273,68648,50717
2022-06-22,14412,6901,7278,845,534,303,675052,332212,336854,120337,68688,50741
2022-06-23,14499,6909,7361,841,513,320,675753,332562,337195,120377,68707,50762
2022-06-24,14550,6933,7392,830,501,322,676538,332940,337594,120426,68737,50782
2022-06-25,14566,6925,7416,818,492,318,676942,333126,337806,120448,68750,50791
2022-06-26,14636,6957,7455,822,497,317,677016,333170,337835,120457,68757,50793
2022-06-27,15099,7165,7703,880,533,338,677721,333511,338194,120504,68784,50813
2022-06-28,15496,7363,7894,898,552,337,678541,333894,338629,120541,68803,50831
2022-06-29,15690,7462,7993,914,561,344,679400,334289,339083,120588,68831,50850
2022-06-30,15836,7512,8080,931,577,345,680223,334705,339480,120630,68853,50868
2022-07-01,16108,7656,8211,960,589,362,681096,335132,339912,120681,68882,50890
2022-07-02,16220,7679,8297,951,588,354,681582,335377,340148,120711,68902,50899
2022-07-03,16278,7693,8334,953,585,359,681724,335449,340216,120724,68910,50904
2022-07-04,16638,7906,8483,978,594,376,682827,335980,340779,120821,68956,50951
2022-07-05,17041,8056,8721,1004,607,389,684148,336634,341435,120896,68999,50983
2022-07-06,17496,8344,8882,1027,643,375,685220,337118,342008,120942,69027,51001
2022-07-07,17719,8425,9020,1035,648,381,686409,337680,342623,121028,69087,51024
2022-07-08,17944,8522,9120,1027,644,376,687688,338280,343289,121102,69121,51064
2022-07-09,17936,8543,9079,1040,659,374,688421,338623,343666,121136,69140,51079
2022-07-10,17999,8586,9098,1045,664,374,688597,338700,343762,121151,69146,51088
2022-07-11,18605,8885,9402,1107,707,392,689642,339179,344316,121259,69204,51138
2022-07-12,19160,9151,9680,1158,734,416,691295,339960,345179,121382,69271,51194
2022-07-13,19580,9360,9879,1184,746,430,692740,340657,345912,121486,69325,51242
2022-07-14,19647,9367,9926,1178,743,428,693535,341053,346304,121535,69357,51259
2022-07-15,19935,9482,10104,1204,758,439,694489,341508,346795,121638,69412,51306
2022-07-16,20023,9482,10174,1217,761,449,695249,341890,347165,121697,69452,51325
2022-07-17,20137,9541,10230,1225,766,452,695383,341950,347238,121714,69462,51332
2022-07-18,20530,9730,10436,1271,784,480,696822,342636,347981,121888,69563,51404
2022-07-19,20896,9906,10619,1323,808,507,698590,343481,348881,122032,69631,51478
2022-07-20,21010,9962,10660,1299,800,490,700056,344183,349634,122140,69695,51522
2022-07-21,20877,9904,10586,1305,810,485,701655,344930,350470,122268,69758,51587
2022-07-22,20769,9842,10544,1304,804,490,703194,345671,351246,122372,69825,51622
2022-07-23,20730,9843,10513,1279,800,470,703888,345962,351635,122419,69846,51645
2022-07-24,20782,9862,10544,1272,797,466,704039,346037,351711,122438,69858,51651
2022-07-25,21038,9978,10690,1285,821,454,705292,346639,352342,122568,69930,51708
2022-07-26,20924,9917,10649,1317,843,464,707049,347507,353197,122687,70007,51748
2022-07-27,20662,9796,10501,1253,799,445,708623,348234,354030,122782,70058,51792
2022-07-28,20486,9699,10419,1208,768,431,709895,348805,354706,122886,70115,51837
2022-07-29,20214,9546,10309,1195,768,418,711128,349418,355316,122968,70153,51876
2022-07-30,20068,9456,10247,1194,764,421,711849,349788,355666,123020,70182,51898
2022-07-31,20098,9458,10273,1195,760,426,711968,349855,355718,123036,70190,51906
2022-08-01,20063,9460,10237,1205,765,431,713025,350334,356287,123157,70252,51965
2022-08-02,19792,9361,10077,1180,745,425,714464,351011,357028,123258,70310,52005
2022-08-03,19389,9202,9838,1151,725,415,715761,351615,357703,123341,70362,52036
2022-08-04,19154,9080,9717,1151,729,411,716889,352157,358282,123426,70412,52071
2022-08-05,18803,8874,9580,1142,729,401,717990,352718,358810,123503,70448,52109
2022-08-06,18669,8793,9526,1146,733,401,718518,352986,359067,123538,70473,52119
2022-08-07,18693,8803,9539,1147,731,404,718590,353030,359095,123548,70478,52124
2022-08-08,18648,8766,9546,1121,722,387,719501,353475,359543,123657,70541,52170
2022-08-09,18171,8538,9304,1092,704,377,720869,354132,360242,123768,70601,52221
2022-08-10,17729,8370,9041,1057,677,371,722035,354646,360875,123848,70644,52257
2022-08-11,17524,8294,8912,1047,671,367,722945,355054,361366,123928,70687,52294
2022-08-12,17268,8171,8778,1037,665,364,723824,355480,361814,123997,70725,52325
2022-08-13,17083,8068,8698,1009,645,355,724251,355702,362015,124033,70740,52346
2022-08-14,17106,8075,8715,1012,648,355,724302,355729,362038,124051,70752,52352
2022-08-15,17138,8090,8730,1015,649,357,724377,355765,362077,124058,70755,52356
2022-08-16,17011,8034,8659,1009,651,349,725328,356200,362582,124171,70822,52401
2022-08-17,16838,7967,8564,1001,637,356,726350,356674,363113,124263,70870,52444
2022-08-18,16427,7807,8324,981,619,354,727375,357125,363671,124352,70917,52486
2022-08-19,16122,7639,8185,961,606,346,728261,357557,364119,124424,70962,52513
2022-08-20,15949,7543,8111,952,602,341,728707,357776,364341,124461,70986,52526
2022-08-21,15965,7547,8123,944,596,339,728752,357800,364362,124464,70989,52526
2022-08-22,15950,7553,8098,919,584,327,729371,358079,364696,124527,71022,52555
2022-08-23,15680,7417,7971,871,547,318,730209,358474,365128,124615,71070,52594
2022-08-24,15551,7364,7902,853,541,306,730866,358785,365464,124667,71100,52616
2022-08-25,15412,7268,7864,855,538,312,731479,359073,365783,124710,71130,52628
2022-08-26,15234,7171,7785,845,532,308,732094,359368,366099,124760,71155,52652
2022-08-27,15108,7115,7714,836,524,306,732353,359487,366240,124779,71169,52657
2022-08-28,15137,7139,7719,841,527,308,732406,359506,366273,124786,71173,52660
2022-08-29,14929,7021,7635,848,535,307,733015,359813,366570,124864,71219,52691
2022-08-30,14694,6933,7525,854,536,312,733782,360173,366937,124936,71263,52717
2022-08-31,14485,6824,7426,838,527,306,734398,360466,367258,124986,71289,52740
2022-09-01,14391,6764,7392,814,509,300,734906,360710,367520,125024,71313,52754
2022-09-02,14157,6647,7275,799,496,297,735515,361001,367838,125079,71348,52774
2022-09-03,14010,6575,7202,792,491,295,735764,361110,367975,125091,71350,52784
2022-09-04,14015,6577,7205,793,490,297,735803,361125,367997,125094,71352,52785
2022-09-05,13953,6584,7134,785,501,279,736361,361367,368309,125161,71382,52822
2022-09-06,13799,6496,7069,781,505,271,737006,361682,368633,125221,71418,52846
2022-09-07,13663,6445,6992,792,506,282,737549,361932,368915,125262,71441,52863
2022-09-08,13425,6301,6901,770,494,271,738139,362231,369200,125318,71475,52884
2022-09-09,13286,6231,6831,742,479,258,738594,362457,369428,125349,71492,52898
2022-09-10,13234,6213,6802,745,481,259,738779,362535,369532,125363,71500,52904
2022-09-11,13233,6214,6800,741,478,258,738817,362556,369549,125367,71500,52908
2022-09-12,13183,6155,6806,725,472,248,739327,362822,369791,125407,71524,52924
2022-09-13,13065,6095,6751,727,477,245,739940,363123,370085,125456,71555,52940
2022-09-14,12971,6046,6711,730,474,251,740417,363341,370336,125488,71577,52950
2022-09-15,12996,6037,6745,737,480,252,740818,363532,370544,125520,71596,52962
2022-09-16,12937,6030,6689,728,476,246,741271,363729,370794,125546,71615,52969
2022-09-17,12941,6026,6696,728,480,243,741449,363815,370884,125555,71618,52974
2022-09-18,12940,6025,6697,725,478,242,741494,363835,370909,125556,71618,52975
2022-09-19,12952,6037,6697,703,464,233,742051,364086,371209,125614,71653,52998
2022-09-20,12896,6020,6663,704,464,233,742644,364373,371507,125662,71679,53020
2022-09-21,12857,5999,6642,699,468,225,743123,364605,371750,125694,71698,53033
2022-09-22,12908,6022,6672,707,471,231,743567,364814,371981,125723,71716,53041
2022-09-23,12961,6071,6677,700,468,227,744017,365027,372214,125756,71739,53050
2022-09-24,12939,6055,6673,713,476,232,744250,365138,372334,125769,71750,53052
2022-09-25,12977,6079,6685,710,476,229,744285,365154,372353,125772,71751,53054
2022-09-26,13354,6231,6904,733,490,238,744739,365379,372579,125823,71779,53077
2022-09-27,13768,6433,7113,761,510,245,745299,365656,372853,125863,71797,53099
2022-09-28,14014,6548,7238,784,522,256,745892,365945,373155,125900,71819,53113
2022-09-29,14259,6632,7396,789,516,267,746450,366237,373418,125932,71838,53126
2022-09-30,14554,6762,7557,810,521,283,746963,366479,373683,125961,71859,53134
2022-10-01,14651,6810,7603,823,528,288,747246,366611,373833,125978,71869,53141
2022-10-02,14705,6835,7630,823,527,289,747298,366640,373856,125982,71870,53144
2022-10-03,15166,7117,7804,843,536,300,747943,366930,374208,126044,71902,53173
2022-10-04,15535,7334,7949,848,536,303,748830,367312,374708,126118,71952,53196
2022-10-05,15954,7543,8142,861,547,306,749577,367674,375087,126159,71977,53211
2022-10-06,16428,7744,8411,907,579,321,750275,368039,375413,126204,72005,53228
2022-10-07,16788,7918,8594,882,569,307,751071,368426,375816,126256,72032,53250
2022-10-08,16865,7943,8640,887,575,306,751438,368600,376005,126281,72047,53260
2022-10-09,16929,7964,8677,889,578,305,751526,368648,376045,126287,72050,53263
2022-10-10,17406,8217,8895,927,601,319,752340,369010,376490,126366,72097,53295
2022-10-11,17907,8390,9212,944,597,339,753470,369563,377062,126438,72134,53330
2022-10-12,18187,8525,9347,941,601,332,754353,369986,377513,126493,72169,53349
2022-10-13,18590,8685,9581,959,610,342,755236,370427,377946,126552,72202,53375
2022-10-14,18792,8748,9717,972,616,348,756226,370923,378433,126628,72247,53404
2022-10-15,18950,8814,9801,979,620,350,756677,371129,378675,126657,72262,53418
2022-10-16,19032,8847,9847,988,626,353,756764,371174,378716,126670,72270,53423
2022-10-17,19493,9088,10058,1065,670,384,757710,371630,379201,126782,72334,53471
2022-10-18,19948,9323,10269,1069,678,379,758901,372212,379799,126881,72392,53511
2022-10-19,20072,9363,10363,1046,658,377,760185,372834,380437,126979,72455,53546
2022-10-20,20110,9388,10385,1039,657,373,761342,373378,381038,127041,72483,53580
2022-10-21,20165,9367,10462,1039,652,379,762416,373897,381581,127122,72536,53607
2022-10-22,20082,9327,10425,1042,658,376,762922,374163,381810,127154,72550,53624
2022-10-23,20158,9375,10452,1037,659,370,763008,374199,381856,127171,72558,53633
2022-10-24,20194,9367,10489,1059,670,380,764040,374693,382387,127293,72630,53681
2022-10-25,19965,9241,10382,1041,658,373,765597,375431,383185,127424,72705,53734
2022-10-26,20014,9261,10420,1052,660,384,766611,375904,383712,127483,72750,53748
2022-10-27,19959,9258,10373,1057,661,387,767589,376372,384206,127549,72793,53771
2022-10-28,19682,9159,10207,1040,651,379,768764,376920,384818,127608,72822,53801
2022-10-29,19465,9044,10115,1027,640,378,769394,377219,385143,127647,72844,53818
2022-10-30,19497,9066,10127,1024,642,373,769477,377252,385192,127656,72847,53823
2022-10-31,19462,9039,10118,1044,645,390,770293,377656,385597,127767,72920,53861
2022-11-01,19383,8980,10098,1070,666,395,770795,377910,385841,127818,72948,53884
2022-11-02,19263,8925,10043,1065,670,386,771749,378363,386331,127908,72999,53922
2022-11-03,18972,8756,9924,1055,669,378,772865,378928,386875,127963,73030,53946
2022-11-04,18794,8663,9839,1029,656,365,773725,379355,387304,128037,73076,53974
2022-11-05,18596,8608,9717,1019,656,355,774215,379551,387570,128069,73094,53988
2022-11-06,18592,8601,9721,1022,656,358,774315,379601,387619,128074,73098,53989
2022-11-07,18500,8522,9707,1015,645,362,775191,380031,388061,128183,73162,54033
2022-11-08,18217,8373,9580,977,620,347,776334,380576,388636,128300,73231,54079
2022-11-09,18110,8322,9526,970,617,344,777224,381016,389076,128369,73266,54113
2022-11-10,18018,8285,9465,962,617,337,778044,381401,389506,128420,73296,54133
2022-11-11,17947,8249,9433,948,613,327,778450,381596,389713,128447,73309,54146
2022-11-12,17970,8253,9446,951,614,329,778544,381640,389761,128457,73313,54152
2022-11-13,18015,8278,9464,957,616,333,778594,381661,389790,128458,73314,54152
2022-11-14,18098,8283,9542,972,613,350,779427,382074,390196,128558,73378,54186
2022-11-15,18038,8265,9490,970,610,350,780424,382554,390707,128667,73433,54235
2022-11-16,18115,8340,9489,983,629,344,781302,382974,391156,128737,73469,54269
2022-11-17,17965,8268,9419,962,614,340,782241,383422,391636,128812,73511,54302
2022-11-18,17936,8260,9403,962,613,340,783101,383830,392075,128881,73552,54329
2022-11-19,17848,8212,9364,960,613,338,783545,384035,392308,128907,73565,54342
2022-11-20,17927,8256,9399,969,618,343,783630,384073,392355,128909,73567,54342
2022-11-21,18135,8323,9539,978,624,345,784409,384458,392743,129003,73622,54380
2022-11-22,18186,8330,9570,971,618,345,785428,384948,393263,129092,73681,54410
2022-11-23,18351,8456,9617,989,640,341,786274,385344,393698,129167,73719,54446
2022-11-24,18331,8463,9589,986,629,348,787100,385719,394141,129223,73748,54472
2022-11-25,18384,8472,9619,1010,641,359,787918,386124,394554,129285,73784,54498
2022-11-26,18352,8451,9611,1010,638,362,788364,386332,394788,129314,73799,54512
2022-11-27,18385,8466,9629,1007,633,364,788466,386374,394847,129322,73804,54515
2022-11-28,18782,8664,9836,1065,678,378,789344,386782,395304,129417,73858,54556
2022-11-29,19061,8792,9993,1076,694,373,790438,387322,395844,129505,73904,54597
2022-11-30,19497,8989,10227,1112,719,385,791337,387767,396288,129596,73953,54637
2022-12-01,19669,9066,10325,1089,707,375,792382,388283,396811,129672,73994,54672
2022-12-02,19865,9185,10392,1113,715,391,793251,388677,397280,129739,74032,54701
2022-12-03,19771,9145,10333,1093,696,390,793852,388975,397581,129777,74053,54718
2022-12-04,19863,9200,10366,1091,697,387,793973,389025,397648,129787,74057,54724
2022-12-05,20393,9456,10629,1114,711,395,794773,389407,398049,129891,74114,54770
2022-12-06,20614,9563,10736,1120,730,382,796202,390053,398810,130008,74183,54818
2022-12-07,21098,9791,10984,1145,747,387,797326,390582,399396,130101,74235,54859
2022-12-08,21619,10002,11288,1201,772,417,798454,391134,399962,130158,74271,54880
2022-12-09,21874,10168,11378,1182,767,404,799643,391684,400591,130242,74310,54925
2022-12-10,22061,10237,11492,1187,773,405,800266,392012,400881,130296,74346,54942
2022-12-11,22133,10274,11520,1191,775,406,800377,392062,400941,130316,74359,54948
2022-12-12,22703,10578,11774,1235,794,430,801504,392576,401538,130482,74460,55013
2022-12-13,23217,10804,12060,1287,818,458,802940,393287,402251,130617,74545,55059
2022-12-14,23742,11008,12346,1341,845,483,804327,393946,402958,130721,74607,55100
2022-12-15,24125,11112,12620,1374,871,490,805614,394573,403601,130819,74667,55137
2022-12-16,24173,11119,12665,1393,889,491,807064,395268,404328,130944,74743,55183
2022-12-17,24256,11121,12743,1384,883,488,807811,395634,404698,130987,74769,55200
2022-12-18,24357,11182,12779,1383,887,483,807968,395709,404777,131011,74780,55212
2022-12-19,24631,11390,12855,1419,930,479,809242,396262,405481,131188,74877,55291
2022-12-20,25002,11582,13023,1438,933,493,810995,397097,406373,131317,74957,55340
2022-12-21,25225,11683,13144,1443,938,495,812617,397841,407233,131441,75030,55391
2022-12-22,25395,11751,13245,1452,943,499,813954,398461,407932,131554,75097,55437
2022-12-23,25218,11670,13162,1454,951,495,815558,399261,408718,131706,75175,55510
2022-12-24,25119,11607,13125,1445,945,491,816260,399612,409065,131755,75204,55530
2022-12-25,25088,11579,13124,1445,939,497,816395,399685,409125,131773,75216,55535
2022-12-26,25043,11554,13108,1454,940,505,817495,400221,409670,131906,75290,55594
2022-12-27,25084,11621,13096,1447,940,498,819080,400967,410485,132112,75404,55684
2022-12-28,24993,11588,13034,1483,956,518,820563,401684,411235,132246,75482,55740
2022-12-29,24653,11421,12857,1484,954,520,821858,402295,411910,132373,75553,55795
2022-12-30,24389,11260,12759,1477,955,511,823069,402888,412515,132475,75605,55845
2022-12-31,24148,11149,12628,1478,956,511,823676,403174,412831,132517,75632,55860
2023-01-01,24157,11163,12621,1477,958,507,823803,403223,412909,132536,75639,55872
2023-01-02,24075,11080,12629,1465,965,487,825065,403857,413521,132708,75744,55937
2023-01-03,23516,10792,12369,1416,918,486,826705,404640,414363,132870,75845,55996
2023-01-04,23167,10678,12144,1389,909,471,827960,405217,415023,132985,75904,56050
2023-01-05,22664,10438,11888,1352,880,463,829112,405769,415613,133117,75985,56100
2023-01-06,22335,10299,11702,1341,882,449,830190,406282,416168,133236,76052,56152
2023-01-07,22129,10172,11625,1330,868,453,830673,406524,416404,133284,76072,56180
2023-01-08,22102,10170,11599,1331,871,451,830783,406566,416470,133301,76083,56186
2023-01-09,21548,9917,11311,1267,817,442,831905,407100,417040,133446,76167,56246
2023-01-10,21100,9695,11088,1242,797,436,833075,407658,417645,133561,76226,56301
2023-01-11,20776,9531,10933,1235,785,441,833996,408114,418103,133640,76271,56334
2023-01-12,20399,9375,10726,1233,782,443,834822,408479,418543,133690,76303,56351
2023-01-13,20039,9184,10554,1227,772,446,835657,408893,418958,133788,76363,56388
2023-01-14,19950,9153,10498,1214,770,435,835936,409022,419105,133808,76374,56396
2023-01-15,19922,9137,10484,1211,770,432,836019,409067,419143,133816,76377,56401
2023-01-16,19689,8997,10396,1187,751,427,836689,409379,419495,133896,76424,56434
2023-01-17,19229,8756,10178,1145,726,410,837539,409785,419935,133995,76482,56475
2023-01-18,18927,8635,10001,1141,723,409,838193,410067,420299,134073,76531,56504
2023-01-19,18470,8444,9741,1105,695,400,838960,410401,420723,134133,76568,56527
2023-01-20,18109,8275,9551,1068,673,386,839566,410679,421047,134176,76592,56545
2023-01-21,17932,8202,9449,1048,661,379,839856,410808,421207,134203,76609,56555
2023-01-22,17911,8192,9438,1044,661,375,839907,410833,421233,134212,76616,56557
2023-01-23,17639,8068,9292,1016,648,361,840474,411104,421528,134314,76666,56606
2023-01-24,17206,7837,9093,972,621,345,841227,411464,421916,134373,76697,56633
2023-01-25,16917,7732,8909,957,610,341,841782,411704,422229,134407,76715,56649
2023-01-26,16479,7499,8713,936,594,336,842480,412036,422581,134457,76744,56669
2023-01-27,15986,7277,8447,911,575,330,843250,412379,422997,134501,76770,56686
2023-01-28,15649,7132,8263,895,571,318,843683,412576,423227,134532,76784,56701
2023-01-29,15591,7115,8222,896,572,318,843774,412610,423284,134538,76787,56704
2023-01-30,15365,7006,8113,883,556,322,844326,412877,423560,134597,76824,56725
2023-01-31,14768,6730,7798,865,547,313,845203,413268,424037,134654,76859,56747
2023-02-01,14316,6531,7545,838,530,301,846047,413654,424489,134707,76888,56771
2023-02-02,14037,6432,7373,819,516,295,846572,413883,424775,134757,76916,56792
2023-02-03,13921,6360,7333,807,502,297,846970,414090,424960,134784,76933,56802
2023-02-04,13863,6331,7305,798,499,291,844314,412861,423565,134805,76946,56810
2023-02-05,13863,6330,7306,797,498,291,844323,412868,423567,134805,76946,56810
2023-02-06,13801,6299,7275,789,499,282,844630,413028,423714,134845,76963,56833
2023-02-07,13619,6214,7179,780,493,279,845157,413273,423994,134887,76985,56853
2023-02-08,13577,6202,7149,767,488,271,848428,414799,425702,134918,76999,56870
2023-02-09,13497,6150,7120,770,491,271,848708,414934,425845,134935,77007,56878
2023-02-10,13412,6097,7089,777,492,277,849090,415114,426042,134955,77020,56885
2023-02-11,13392,6071,7078,775,486,281,849217,415169,426113,134966,77027,56889
2023-02-12,13385,6066,7076,774,486,280,849225,415175,426115,134967,77027,56890
2023-02-13,13354,6036,7074,772,483,280,849590,415351,426304,135005,77054,56901
2023-02-14,13221,5948,7029,774,478,288,850065,415584,426544,135040,77078,56914
2023-02-15,13078,5887,6953,752,462,282,850507,415798,426767,135075,77095,56929
2023-02-16,13016,5860,6920,745,452,285,850785,415932,426910,135101,77111,56938
2023-02-17,12995,5841,6924,742,447,288,851123,416096,427078,135128,77128,56948
2023-02-18,12940,5810,6900,730,443,280,851272,416163,427160,135144,77138,56954
2023-02-19,12940,5808,6902,728,442,279,851310,416184,427177,135145,77139,56954
2023-02-20,13044,5847,6964,738,444,287,851584,416324,427310,135175,77153,56970
2023-02-21,12996,5842,6917,731,442,282,851997,416503,427541,135207,77170,56985
2023-02-22,12962,5841,6886,736,447,282,852401,416677,427767,135245,77194,56999
2023-02-23,12991,5859,6901,733,443,283,852635,416793,427882,135264,77203,57009
2023-02-24,12958,5853,6873,731,437,287,852922,416928,428033,135293,77216,57025
2023-02-25,12896,5829,6837,722,436,279,853113,417013,428135,135309,77222,57035
2023-02-26,12910,5833,6848,723,437,279,853134,417027,428141,135310,77222,57036
2023-02-27,12958,5835,6893,726,440,279,853409,417166,428275,135345,77240,57052
2023-02-28,12858,5800,6822,722,433,282,853787,417336,428481,135379,77259,57067
2023-03-01,12787,5769,6783,718,438,273,854180,417511,428695,135404,77272,57079
2023-03-02,12767,5738,6790,721,440,272,854431,417635,428822,135425,77282,57090
2023-03-03,12701,5707,6758,710,436,266,854779,417804,428999,135446,77290,57103
2023-03-04,12705,5706,6763,717,441,268,854923,417877,429069,135463,77299,57111
2023-03-05,12711,5705,6770,719,441,270,854927,417880,429070,135463,77299,57111
2023-03-06,12820,5780,6800,731,450,273,855242,418016,429246,135489,77314,57122
2023-03-07,12885,5798,6847,735,453,274,855564,418185,429397,135513,77322,57138
2023-03-08,13030,5866,6927,738,452,278,855816,418310,429521,135540,77338,57149
2023-03-09,13058,5877,6941,742,455,279,856125,418458,429682,135550,77342,57155
2023-03-10,13121,5902,6979,754,461,284,856457,418622,429849,135577,77357,57167
2023-03-11,13131,5902,6993,749,457,283,856575,418672,429912,135585,77360,57171
2023-03-12,13125,5901,6989,744,456,280,856589,418679,429918,135585,77360,57171
2023-03-13,13285,5981,7066,758,460,290,856921,418826,430102,135626,77379,57192
2023-03-14,13281,5994,7049,760,462,290,857259,418973,430292,135653,77394,57204
2023-03-15,13379,6033,7110,763,463,292,857640,419163,430481,135677,77404,57217
2023-03-16,13325,5995,7092,749,458,282,857999,419343,430657,135701,77420,57225
2023-03-17,13279,5982,7058,755,461,285,858444,419559,430886,135726,77437,57233
2023-03-18,13205,5973,6995,752,462,282,858672,419653,431016,135737,77441,57240
2023-03-19,13211,5979,6995,754,463,283,858680,419655,431022,135737,77441,57240
2023-03-20,13358,6052,7068,760,469,282,859128,419870,431252,135787,77467,57264
2023-03-21,13434,6083,7109,761,463,289,859586,420088,431488,135822,77489,57276
2023-03-22,13418,6088,7090,761,469,283,860128,420329,431778,135835,77495,57283
2023-03-23,13025,5912,6870,739,456,273,860867,420652,432187,135860,77512,57291
2023-03-24,13103,5937,6917,751,466,275,861310,420874,432408,135875,77521,57297
2023-03-25,13038,5902,6890,744,463,271,861538,420987,432518,135889,77527,57305
2023-03-26,13036,5903,6889,746,466,270,861565,420997,432534,135894,77530,57307
2023-03-27,13113,5950,6923,728,457,263,861972,421189,432745,135936,77555,57324
2023-03-28,13178,6000,6943,720,452,261,862458,421407,433007,135975,77575,57342
2023-03-29,13184,5989,6964,734,456,270,862962,421645,433268,136009,77594,57356
2023-03-30,13186,5953,7003,732,459,267,863331,421833,433447,136045,77609,57376
2023-03-31,13149,5919,6997,709,446,258,863837,422089,433693,136076,77630,57385
